GameSeed,GameName,Round,Event,Tick,Turn,PlayerCount,GameID,OrdinalPosition(Player-1 rank),OrdinalPosition(PlayerName-0),OrdinalPosition(Player-1),OrdinalPosition(Player-0),OrdinalPosition(Player-0 rank),OrdinalPosition(PlayerName-1),FinalScore(PlayerName-0),FinalScore(Player-1),FinalScore(Player-0),FinalScore(PlayerName-1),PlayerType(PlayerType-1),PlayerType(PlayerType-0),Winner(PlayerIdx)
346665430,SushiGo,3,GAME_OVER,60,0,2,2,2,BasicMCTS,2,1,1,FirstAction,BasicMCTS,31.0,49.0,FirstAction,FirstAction,BasicMCTS,0
879079583,SushiGo,3,GAME_OVER,60,0,2,3,2,BasicMCTS,2,1,1,FirstAction,BasicMCTS,42.0,80.0,FirstAction,FirstAction,BasicMCTS,0
-619666105,SushiGo,3,GAME_OVER,60,0,2,4,2,BasicMCTS,2,1,1,FirstAction,BasicMCTS,30.0,52.0,FirstAction,FirstAction,BasicMCTS,0
503938916,SushiGo,3,GAME_OVER,61,0,2,5,2,BasicMCTS,2,1,1,FirstAction,BasicMCTS,38.0,65.0,FirstAction,FirstAction,BasicMCTS,0
-428737539,SushiGo,3,GAME_OVER,60,0,2,6,2,BasicMCTS,2,1,1,FirstAction,BasicMCTS,32.0,54.0,FirstAction,FirstAction,BasicMCTS,0
-1745970416,SushiGo,3,GAME_OVER,60,0,2,7,2,BasicMCTS,2,1,1,FirstAction,BasicMCTS,48.0,50.0,FirstAction,FirstAction,BasicMCTS,0
-1436161366,SushiGo,3,GAME_OVER,60,0,2,8,2,BasicMCTS,2,1,1,FirstAction,BasicMCTS,50.0,74.0,FirstAction,FirstAction,BasicMCTS,0
-1151041315,SushiGo,3,GAME_OVER,60,0,2,9,2,BasicMCTS,2,1,1,FirstAction,BasicMCTS,38.0,67.0,FirstAction,FirstAction,BasicMCTS,0
697067980,SushiGo,3,GAME_OVER,60,0,2,10,2,BasicMCTS,2,1,1,FirstAction,BasicMCTS,36.0,54.0,FirstAction,FirstAction,BasicMCTS,0
1168140970,SushiGo,3,GAME_OVER,60,0,2,11,2,BasicMCTS,2,1,1,FirstAction,BasicMCTS,38.0,60.0,FirstAction,FirstAction,BasicMCTS,0
-1491060889,SushiGo,3,GAME_OVER,60,0,2,12,2,BasicMCTS,2,1,1,FirstAction,BasicMCTS,32.0,57.0,FirstAction,FirstAction,BasicMCTS,0
-1819802610,SushiGo,3,GAME_OVER,60,0,2,13,2,BasicMCTS,2,1,1,FirstAction,BasicMCTS,43.0,49.0,FirstAction,FirstAction,BasicMCTS,0
-2121274456,SushiGo,3,GAME_OVER,60,0,2,14,2,BasicMCTS,2,1,1,FirstAction,BasicMCTS,54.0,61.0,FirstAction,FirstAction,BasicMCTS,0
259280696,SushiGo,3,GAME_OVER,60,0,2,15,2,BasicMCTS,2,1,1,FirstAction,BasicMCTS,33.0,55.0,FirstAction,FirstAction,BasicMCTS,0
1706137030,SushiGo,3,GAME_OVER,60,0,2,16,2,BasicMCTS,2,1,1,FirstAction,BasicMCTS,33.0,69.0,FirstAction,FirstAction,BasicMCTS,0
545138396,SushiGo,3,GAME_OVER,60,0,2,17,2,BasicMCTS,2,1,1,FirstAction,BasicMCTS,35.0,51.0,FirstAction,FirstAction,BasicMCTS,0
1376458976,SushiGo,3,GAME_OVER,60,0,2,18,2,BasicMCTS,2,1,1,FirstAction,BasicMCTS,46.0,57.0,FirstAction,FirstAction,BasicMCTS,0
1195311045,SushiGo,3,GAME_OVER,60,0,2,19,2,BasicMCTS,2,1,1,FirstAction,BasicMCTS,32.0,62.0,FirstAction,FirstAction,BasicMCTS,0
813477029,SushiGo,3,GAME_OVER,61,0,2,20,2,BasicMCTS,2,1,1,FirstAction,BasicMCTS,52.0,52.0,FirstAction,FirstAction,BasicMCTS,0
-1466178614,SushiGo,3,GAME_OVER,60,0,2,21,2,BasicMCTS,2,1,1,FirstAction,BasicMCTS,33.0,52.0,FirstAction,FirstAction,BasicMCTS,0
-118322159,SushiGo,3,GAME_OVER,60,0,2,22,2,BasicMCTS,2,1,1,FirstAction,BasicMCTS,39.0,53.0,FirstAction,FirstAction,BasicMCTS,0
-1428166355,SushiGo,3,GAME_OVER,60,0,2,23,2,BasicMCTS,2,1,1,FirstAction,BasicMCTS,47.0,64.0,FirstAction,FirstAction,BasicMCTS,0
1144294523,SushiGo,3,GAME_OVER,60,0,2,24,2,BasicMCTS,2,1,1,FirstAction,BasicMCTS,44.0,78.0,FirstAction,FirstAction,BasicMCTS,0
2100098225,SushiGo,3,GAME_OVER,60,0,2,25,2,BasicMCTS,2,1,1,FirstAction,BasicMCTS,48.0,79.0,FirstAction,FirstAction,BasicMCTS,0
23994827,SushiGo,3,GAME_OVER,60,0,2,26,2,BasicMCTS,2,1,1,FirstAction,BasicMCTS,38.0,52.0,FirstAction,FirstAction,BasicMCTS,0
1662792176,SushiGo,3,GAME_OVER,60,0,2,27,2,BasicMCTS,2,1,1,FirstAction,BasicMCTS,43.0,56.0,FirstAction,FirstAction,BasicMCTS,0
2013120665,SushiGo,3,GAME_OVER,60,0,2,28,2,BasicMCTS,2,1,1,FirstAction,BasicMCTS,35.0,51.0,FirstAction,FirstAction,BasicMCTS,0
-1880183632,SushiGo,3,GAME_OVER,60,0,2,29,2,BasicMCTS,2,1,1,FirstAction,BasicMCTS,38.0,57.0,FirstAction,FirstAction,BasicMCTS,0
-1377239692,SushiGo,3,GAME_OVER,60,0,2,30,2,BasicMCTS,2,1,1,FirstAction,BasicMCTS,34.0,75.0,FirstAction,FirstAction,BasicMCTS,0
1795532617,SushiGo,3,GAME_OVER,61,0,2,31,2,BasicMCTS,2,1,1,FirstAction,BasicMCTS,38.0,66.0,FirstAction,FirstAction,BasicMCTS,0
-1548656463,SushiGo,3,GAME_OVER,60,0,2,32,2,BasicMCTS,2,1,1,FirstAction,BasicMCTS,46.0,57.0,FirstAction,FirstAction,BasicMCTS,0
-653656736,SushiGo,3,GAME_OVER,60,0,2,33,2,BasicMCTS,2,1,1,FirstAction,BasicMCTS,44.0,66.0,FirstAction,FirstAction,BasicMCTS,0
-400394132,SushiGo,3,GAME_OVER,60,0,2,34,2,BasicMCTS,2,1,1,FirstAction,BasicMCTS,45.0,67.0,FirstAction,FirstAction,BasicMCTS,0
-1422203009,SushiGo,3,GAME_OVER,60,0,2,35,2,BasicMCTS,2,1,1,FirstAction,BasicMCTS,44.0,56.0,FirstAction,FirstAction,BasicMCTS,0
-1113178468,SushiGo,3,GAME_OVER,60,0,2,36,2,BasicMCTS,2,1,1,FirstAction,BasicMCTS,40.0,54.0,FirstAction,FirstAction,BasicMCTS,0
-175367348,SushiGo,3,GAME_OVER,60,0,2,37,2,BasicMCTS,2,1,1,FirstAction,BasicMCTS,28.0,72.0,FirstAction,FirstAction,BasicMCTS,0
1362911089,SushiGo,3,GAME_OVER,60,0,2,38,2,BasicMCTS,2,1,1,FirstAction,BasicMCTS,41.0,52.0,FirstAction,FirstAction,BasicMCTS,0
-347120262,SushiGo,3,GAME_OVER,60,0,2,39,2,BasicMCTS,2,1,1,FirstAction,BasicMCTS,34.0,75.0,FirstAction,FirstAction,BasicMCTS,0
1416514647,SushiGo,3,GAME_OVER,60,0,2,40,2,BasicMCTS,2,1,1,FirstAction,BasicMCTS,42.0,46.0,FirstAction,FirstAction,BasicMCTS,0
-1570736736,SushiGo,3,GAME_OVER,62,0,2,41,2,BasicMCTS,2,1,1,FirstAction,BasicMCTS,32.0,64.0,FirstAction,FirstAction,BasicMCTS,0
-1532681659,SushiGo,3,GAME_OVER,60,0,2,42,2,BasicMCTS,2,1,1,FirstAction,BasicMCTS,43.0,58.0,FirstAction,FirstAction,BasicMCTS,0
2038358424,SushiGo,3,GAME_OVER,60,0,2,43,2,BasicMCTS,2,1,1,FirstAction,BasicMCTS,40.0,64.0,FirstAction,FirstAction,BasicMCTS,0
1950377550,SushiGo,3,GAME_OVER,60,0,2,44,2,BasicMCTS,2,1,1,FirstAction,BasicMCTS,52.0,56.0,FirstAction,FirstAction,BasicMCTS,0
-389679841,SushiGo,3,GAME_OVER,60,0,2,45,2,BasicMCTS,2,1,1,FirstAction,BasicMCTS,43.0,46.0,FirstAction,FirstAction,BasicMCTS,0
-1652369011,SushiGo,3,GAME_OVER,60,0,2,46,2,BasicMCTS,2,1,1,FirstAction,BasicMCTS,40.0,65.0,FirstAction,FirstAction,BasicMCTS,0
649728961,SushiGo,3,GAME_OVER,60,0,2,47,2,BasicMCTS,2,1,1,FirstAction,BasicMCTS,33.0,84.0,FirstAction,FirstAction,BasicMCTS,0
1939385821,SushiGo,3,GAME_OVER,60,0,2,48,2,BasicMCTS,2,1,1,FirstAction,BasicMCTS,36.0,47.0,FirstAction,FirstAction,BasicMCTS,0
-765151654,SushiGo,3,GAME_OVER,61,0,2,49,2,BasicMCTS,2,1,1,FirstAction,BasicMCTS,25.0,60.0,FirstAction,FirstAction,BasicMCTS,0
-382843140,SushiGo,3,GAME_OVER,60,0,2,50,2,BasicMCTS,2,1,1,FirstAction,BasicMCTS,45.0,55.0,FirstAction,FirstAction,BasicMCTS,0
1616233144,SushiGo,3,GAME_OVER,62,0,2,51,2,BasicMCTS,2,1,1,FirstAction,BasicMCTS,40.0,46.0,FirstAction,FirstAction,BasicMCTS,0
-1825767405,SushiGo,3,GAME_OVER,60,0,2,52,2,BasicMCTS,2,1,1,FirstAction,BasicMCTS,31.0,50.0,FirstAction,FirstAction,BasicMCTS,0
-1681345762,SushiGo,3,GAME_OVER,60,0,2,53,2,BasicMCTS,2,1,1,FirstAction,BasicMCTS,41.0,65.0,FirstAction,FirstAction,BasicMCTS,0
-1466223696,SushiGo,3,GAME_OVER,60,0,2,54,2,BasicMCTS,2,1,1,FirstAction,BasicMCTS,29.0,51.0,FirstAction,FirstAction,BasicMCTS,0
-898042700,SushiGo,3,GAME_OVER,60,0,2,55,2,BasicMCTS,2,1,1,FirstAction,BasicMCTS,37.0,85.0,FirstAction,FirstAction,BasicMCTS,0
-622095176,SushiGo,3,GAME_OVER,60,0,2,56,2,BasicMCTS,2,1,1,FirstAction,BasicMCTS,34.0,59.0,FirstAction,FirstAction,BasicMCTS,0
-1621553363,SushiGo,3,GAME_OVER,60,0,2,57,2,BasicMCTS,2,1,1,FirstAction,BasicMCTS,33.0,55.0,FirstAction,FirstAction,BasicMCTS,0
2021511387,SushiGo,3,GAME_OVER,60,0,2,58,2,BasicMCTS,2,1,1,FirstAction,BasicMCTS,34.0,52.0,FirstAction,FirstAction,BasicMCTS,0
-1677040338,SushiGo,3,GAME_OVER,60,0,2,59,2,BasicMCTS,2,1,1,FirstAction,BasicMCTS,34.0,53.0,FirstAction,FirstAction,BasicMCTS,0
1955989905,SushiGo,3,GAME_OVER,60,0,2,60,2,BasicMCTS,2,1,1,FirstAction,BasicMCTS,42.0,80.0,FirstAction,FirstAction,BasicMCTS,0
-1876231119,SushiGo,3,GAME_OVER,60,0,2,61,2,BasicMCTS,2,1,1,FirstAction,BasicMCTS,39.0,49.0,FirstAction,FirstAction,BasicMCTS,0
-1294795098,SushiGo,3,GAME_OVER,60,0,2,62,2,BasicMCTS,2,1,1,FirstAction,BasicMCTS,36.0,59.0,FirstAction,FirstAction,BasicMCTS,0
127372284,SushiGo,3,GAME_OVER,62,0,2,63,2,BasicMCTS,2,1,1,FirstAction,BasicMCTS,45.0,52.0,FirstAction,FirstAction,BasicMCTS,0
-991207967,SushiGo,3,GAME_OVER,60,0,2,64,2,BasicMCTS,2,1,1,FirstAction,BasicMCTS,40.0,63.0,FirstAction,FirstAction,BasicMCTS,0
1049258221,SushiGo,3,GAME_OVER,60,0,2,65,2,BasicMCTS,2,1,1,FirstAction,BasicMCTS,43.0,56.0,FirstAction,FirstAction,BasicMCTS,0
-2039767727,SushiGo,3,GAME_OVER,60,0,2,66,2,BasicMCTS,2,1,1,FirstAction,BasicMCTS,47.0,52.0,FirstAction,FirstAction,BasicMCTS,0
1908179359,SushiGo,3,GAME_OVER,60,0,2,67,2,BasicMCTS,2,1,1,FirstAction,BasicMCTS,33.0,54.0,FirstAction,FirstAction,BasicMCTS,0
1115136563,SushiGo,3,GAME_OVER,60,0,2,68,2,BasicMCTS,2,1,1,FirstAction,BasicMCTS,44.0,58.0,FirstAction,FirstAction,BasicMCTS,0
-1493045323,SushiGo,3,GAME_OVER,61,0,2,69,2,BasicMCTS,2,1,1,FirstAction,BasicMCTS,37.0,61.0,FirstAction,FirstAction,BasicMCTS,0
-394703714,SushiGo,3,GAME_OVER,60,0,2,70,2,BasicMCTS,2,1,1,FirstAction,BasicMCTS,41.0,56.0,FirstAction,FirstAction,BasicMCTS,0
-432712488,SushiGo,3,GAME_OVER,60,0,2,71,2,BasicMCTS,2,1,1,FirstAction,BasicMCTS,34.0,62.0,FirstAction,FirstAction,BasicMCTS,0
491282519,SushiGo,3,GAME_OVER,61,0,2,72,2,BasicMCTS,2,1,1,FirstAction,BasicMCTS,46.0,61.0,FirstAction,FirstAction,BasicMCTS,0
-884033504,SushiGo,3,GAME_OVER,60,0,2,73,2,BasicMCTS,2,1,1,FirstAction,BasicMCTS,41.0,49.0,FirstAction,FirstAction,BasicMCTS,0
991772015,SushiGo,3,GAME_OVER,60,0,2,74,2,BasicMCTS,2,1,1,FirstAction,BasicMCTS,33.0,63.0,FirstAction,FirstAction,BasicMCTS,0
-835279488,SushiGo,3,GAME_OVER,60,0,2,75,2,BasicMCTS,2,1,1,FirstAction,BasicMCTS,39.0,70.0,FirstAction,FirstAction,BasicMCTS,0
288423849,SushiGo,3,GAME_OVER,60,0,2,76,2,BasicMCTS,2,1,1,FirstAction,BasicMCTS,43.0,45.0,FirstAction,FirstAction,BasicMCTS,0
306462715,SushiGo,3,GAME_OVER,60,0,2,77,2,BasicMCTS,2,1,1,FirstAction,BasicMCTS,34.0,49.0,FirstAction,FirstAction,BasicMCTS,0
-1595934290,SushiGo,3,GAME_OVER,61,0,2,78,2,BasicMCTS,2,1,1,FirstAction,BasicMCTS,43.0,58.0,FirstAction,FirstAction,BasicMCTS,0
372545689,SushiGo,3,GAME_OVER,60,0,2,79,2,BasicMCTS,2,1,1,FirstAction,BasicMCTS,42.0,66.0,FirstAction,FirstAction,BasicMCTS,0
-1791317608,SushiGo,3,GAME_OVER,60,0,2,80,2,BasicMCTS,2,1,1,FirstAction,BasicMCTS,38.0,61.0,FirstAction,FirstAction,BasicMCTS,0
594493312,SushiGo,3,GAME_OVER,60,0,2,81,2,BasicMCTS,2,1,1,FirstAction,BasicMCTS,36.0,59.0,FirstAction,FirstAction,BasicMCTS,0
1375946348,SushiGo,3,GAME_OVER,61,0,2,82,2,BasicMCTS,2,1,1,FirstAction,BasicMCTS,41.0,51.0,FirstAction,FirstAction,BasicMCTS,0
-1004766817,SushiGo,3,GAME_OVER,60,0,2,83,2,BasicMCTS,2,1,1,FirstAction,BasicMCTS,34.0,57.0,FirstAction,FirstAction,BasicMCTS,0
714044006,SushiGo,3,GAME_OVER,60,0,2,84,2,BasicMCTS,2,1,1,FirstAction,BasicMCTS,37.0,75.0,FirstAction,FirstAction,BasicMCTS,0
1418075335,SushiGo,3,GAME_OVER,60,0,2,85,2,BasicMCTS,2,1,1,FirstAction,BasicMCTS,30.0,66.0,FirstAction,FirstAction,BasicMCTS,0
1141736524,SushiGo,3,GAME_OVER,60,0,2,86,2,BasicMCTS,2,1,1,FirstAction,BasicMCTS,41.0,43.0,FirstAction,FirstAction,BasicMCTS,0
443981092,SushiGo,3,GAME_OVER,60,0,2,87,2,BasicMCTS,2,1,1,FirstAction,BasicMCTS,41.0,69.0,FirstAction,FirstAction,BasicMCTS,0
-68629972,SushiGo,3,GAME_OVER,63,0,2,88,1,BasicMCTS,1,2,2,FirstAction,BasicMCTS,43.0,39.0,FirstAction,FirstAction,BasicMCTS,1
1822990971,SushiGo,3,GAME_OVER,60,0,2,89,2,BasicMCTS,2,1,1,FirstAction,BasicMCTS,41.0,71.0,FirstAction,FirstAction,BasicMCTS,0
268448290,SushiGo,3,GAME_OVER,61,0,2,90,2,BasicMCTS,2,1,1,FirstAction,BasicMCTS,39.0,48.0,FirstAction,FirstAction,BasicMCTS,0
1043028123,SushiGo,3,GAME_OVER,60,0,2,91,2,BasicMCTS,2,1,1,FirstAction,BasicMCTS,35.0,51.0,FirstAction,FirstAction,BasicMCTS,0
-1199211999,SushiGo,3,GAME_OVER,60,0,2,92,2,BasicMCTS,2,1,1,FirstAction,BasicMCTS,40.0,80.0,FirstAction,FirstAction,BasicMCTS,0
1398271441,SushiGo,3,GAME_OVER,60,0,2,93,2,BasicMCTS,2,1,1,FirstAction,BasicMCTS,37.0,58.0,FirstAction,FirstAction,BasicMCTS,0
648115670,SushiGo,3,GAME_OVER,60,0,2,94,2,BasicMCTS,2,1,1,FirstAction,BasicMCTS,32.0,60.0,FirstAction,FirstAction,BasicMCTS,0
1962877811,SushiGo,3,GAME_OVER,60,0,2,95,2,BasicMCTS,2,1,1,FirstAction,BasicMCTS,32.0,39.0,FirstAction,FirstAction,BasicMCTS,0
-1960070630,SushiGo,3,GAME_OVER,60,0,2,96,2,BasicMCTS,2,1,1,FirstAction,BasicMCTS,33.0,62.0,FirstAction,FirstAction,BasicMCTS,0
36358070,SushiGo,3,GAME_OVER,60,0,2,97,2,BasicMCTS,2,1,1,FirstAction,BasicMCTS,38.0,52.0,FirstAction,FirstAction,BasicMCTS,0
375050126,SushiGo,3,GAME_OVER,60,0,2,98,2,BasicMCTS,2,1,1,FirstAction,BasicMCTS,35.0,54.0,FirstAction,FirstAction,BasicMCTS,0
1468478823,SushiGo,3,GAME_OVER,60,0,2,99,2,BasicMCTS,2,1,1,FirstAction,BasicMCTS,34.0,59.0,FirstAction,FirstAction,BasicMCTS,0
-218109356,SushiGo,3,GAME_OVER,61,0,2,100,1,BasicMCTS,1,2,2,FirstAction,BasicMCTS,56.0,43.0,FirstAction,FirstAction,BasicMCTS,1
-3023545,SushiGo,3,GAME_OVER,60,0,2,101,2,BasicMCTS,2,1,1,FirstAction,BasicMCTS,36.0,59.0,FirstAction,FirstAction,BasicMCTS,0
346665430,SushiGo,3,GAME_OVER,60,0,2,102,1,BasicMCTS,1,2,2,Random,BasicMCTS,59.0,46.0,Random,Random,BasicMCTS,1
879079583,SushiGo,3,GAME_OVER,61,0,2,103,2,BasicMCTS,2,1,1,Random,BasicMCTS,47.0,61.0,Random,Random,BasicMCTS,0
-619666105,SushiGo,3,GAME_OVER,62,0,2,104,2,BasicMCTS,2,1,1,Random,BasicMCTS,37.0,48.0,Random,Random,BasicMCTS,0
503938916,SushiGo,3,GAME_OVER,62,0,2,105,2,BasicMCTS,2,1,1,Random,BasicMCTS,46.0,48.0,Random,Random,BasicMCTS,0
-428737539,SushiGo,3,GAME_OVER,60,0,2,106,2,BasicMCTS,2,1,1,Random,BasicMCTS,44.0,56.0,Random,Random,BasicMCTS,0
-1745970416,SushiGo,3,GAME_OVER,60,0,2,107,2,BasicMCTS,2,1,1,Random,BasicMCTS,45.0,52.0,Random,Random,BasicMCTS,0
-1436161366,SushiGo,3,GAME_OVER,62,0,2,108,2,BasicMCTS,2,1,1,Random,BasicMCTS,37.0,85.0,Random,Random,BasicMCTS,0
-1151041315,SushiGo,3,GAME_OVER,62,0,2,109,2,BasicMCTS,2,1,1,Random,BasicMCTS,29.0,51.0,Random,Random,BasicMCTS,0
697067980,SushiGo,3,GAME_OVER,61,0,2,110,2,BasicMCTS,2,1,1,Random,BasicMCTS,28.0,55.0,Random,Random,BasicMCTS,0
1168140970,SushiGo,3,GAME_OVER,61,0,2,111,2,BasicMCTS,2,1,1,Random,BasicMCTS,33.0,66.0,Random,Random,BasicMCTS,0
-1491060889,SushiGo,3,GAME_OVER,63,0,2,112,2,BasicMCTS,2,1,1,Random,BasicMCTS,25.0,51.0,Random,Random,BasicMCTS,0
-1819802610,SushiGo,3,GAME_OVER,61,0,2,113,2,BasicMCTS,2,1,1,Random,BasicMCTS,51.0,51.0,Random,Random,BasicMCTS,0
-2121274456,SushiGo,3,GAME_OVER,61,0,2,114,2,BasicMCTS,2,1,1,Random,BasicMCTS,50.0,50.0,Random,Random,BasicMCTS,0
259280696,SushiGo,3,GAME_OVER,62,0,2,115,2,BasicMCTS,2,1,1,Random,BasicMCTS,36.0,66.0,Random,Random,BasicMCTS,0
1706137030,SushiGo,3,GAME_OVER,60,0,2,116,2,BasicMCTS,2,1,1,Random,BasicMCTS,45.0,55.0,Random,Random,BasicMCTS,0
545138396,SushiGo,3,GAME_OVER,63,0,2,117,2,BasicMCTS,2,1,1,Random,BasicMCTS,37.0,49.0,Random,Random,BasicMCTS,0
1376458976,SushiGo,3,GAME_OVER,62,0,2,118,2,BasicMCTS,2,1,1,Random,BasicMCTS,53.0,57.0,Random,Random,BasicMCTS,0
1195311045,SushiGo,3,GAME_OVER,62,0,2,119,2,BasicMCTS,2,1,1,Random,BasicMCTS,45.0,56.0,Random,Random,BasicMCTS,0
813477029,SushiGo,3,GAME_OVER,64,0,2,120,2,BasicMCTS,2,1,1,Random,BasicMCTS,49.0,60.0,Random,Random,BasicMCTS,0
-1466178614,SushiGo,3,GAME_OVER,60,0,2,121,2,BasicMCTS,2,1,1,Random,BasicMCTS,50.0,55.0,Random,Random,BasicMCTS,0
-118322159,SushiGo,3,GAME_OVER,61,0,2,122,2,BasicMCTS,2,1,1,Random,BasicMCTS,37.0,66.0,Random,Random,BasicMCTS,0
-1428166355,SushiGo,3,GAME_OVER,62,0,2,123,2,BasicMCTS,2,1,1,Random,BasicMCTS,36.0,62.0,Random,Random,BasicMCTS,0
1144294523,SushiGo,3,GAME_OVER,61,0,2,124,2,BasicMCTS,2,1,1,Random,BasicMCTS,41.0,68.0,Random,Random,BasicMCTS,0
2100098225,SushiGo,3,GAME_OVER,60,0,2,125,2,BasicMCTS,2,1,1,Random,BasicMCTS,58.0,63.0,Random,Random,BasicMCTS,0
23994827,SushiGo,3,GAME_OVER,63,0,2,126,2,BasicMCTS,2,1,1,Random,BasicMCTS,47.0,53.0,Random,Random,BasicMCTS,0
1662792176,SushiGo,3,GAME_OVER,62,0,2,127,2,BasicMCTS,2,1,1,Random,BasicMCTS,45.0,76.0,Random,Random,BasicMCTS,0
2013120665,SushiGo,3,GAME_OVER,62,0,2,128,2,BasicMCTS,2,1,1,Random,BasicMCTS,23.0,68.0,Random,Random,BasicMCTS,0
-1880183632,SushiGo,3,GAME_OVER,61,0,2,129,2,BasicMCTS,2,1,1,Random,BasicMCTS,31.0,56.0,Random,Random,BasicMCTS,0
-1377239692,SushiGo,3,GAME_OVER,60,0,2,130,2,BasicMCTS,2,1,1,Random,BasicMCTS,43.0,55.0,Random,Random,BasicMCTS,0
1795532617,SushiGo,3,GAME_OVER,64,0,2,131,1,BasicMCTS,1,2,2,Random,BasicMCTS,54.0,53.0,Random,Random,BasicMCTS,1
-1548656463,SushiGo,3,GAME_OVER,64,0,2,132,2,BasicMCTS,2,1,1,Random,BasicMCTS,37.0,59.0,Random,Random,BasicMCTS,0
-653656736,SushiGo,3,GAME_OVER,60,0,2,133,2,BasicMCTS,2,1,1,Random,BasicMCTS,45.0,48.0,Random,Random,BasicMCTS,0
-400394132,SushiGo,3,GAME_OVER,62,0,2,134,2,BasicMCTS,2,1,1,Random,BasicMCTS,37.0,61.0,Random,Random,BasicMCTS,0
-1422203009,SushiGo,3,GAME_OVER,65,0,2,135,2,BasicMCTS,2,1,1,Random,BasicMCTS,49.0,50.0,Random,Random,BasicMCTS,0
-1113178468,SushiGo,3,GAME_OVER,62,0,2,136,2,BasicMCTS,2,1,1,Random,BasicMCTS,38.0,46.0,Random,Random,BasicMCTS,0
-175367348,SushiGo,3,GAME_OVER,60,0,2,137,2,BasicMCTS,2,1,1,Random,BasicMCTS,33.0,68.0,Random,Random,BasicMCTS,0
1362911089,SushiGo,3,GAME_OVER,61,0,2,138,2,BasicMCTS,2,1,1,Random,BasicMCTS,42.0,56.0,Random,Random,BasicMCTS,0
-347120262,SushiGo,3,GAME_OVER,61,0,2,139,2,BasicMCTS,2,1,1,Random,BasicMCTS,32.0,71.0,Random,Random,BasicMCTS,0
1416514647,SushiGo,3,GAME_OVER,60,0,2,140,2,BasicMCTS,2,1,1,Random,BasicMCTS,36.0,44.0,Random,Random,BasicMCTS,0
-1570736736,SushiGo,3,GAME_OVER,62,0,2,141,2,BasicMCTS,2,1,1,Random,BasicMCTS,35.0,56.0,Random,Random,BasicMCTS,0
-1532681659,SushiGo,3,GAME_OVER,61,0,2,142,2,BasicMCTS,2,1,1,Random,BasicMCTS,31.0,51.0,Random,Random,BasicMCTS,0
2038358424,SushiGo,3,GAME_OVER,61,0,2,143,2,BasicMCTS,2,1,1,Random,BasicMCTS,46.0,64.0,Random,Random,BasicMCTS,0
1950377550,SushiGo,3,GAME_OVER,60,0,2,144,2,BasicMCTS,2,1,1,Random,BasicMCTS,41.0,48.0,Random,Random,BasicMCTS,0
-389679841,SushiGo,3,GAME_OVER,61,0,2,145,2,BasicMCTS,2,1,1,Random,BasicMCTS,41.0,54.0,Random,Random,BasicMCTS,0
-1652369011,SushiGo,3,GAME_OVER,62,0,2,146,2,BasicMCTS,2,1,1,Random,BasicMCTS,38.0,62.0,Random,Random,BasicMCTS,0
649728961,SushiGo,3,GAME_OVER,62,0,2,147,2,BasicMCTS,2,1,1,Random,BasicMCTS,37.0,73.0,Random,Random,BasicMCTS,0
1939385821,SushiGo,3,GAME_OVER,60,0,2,148,2,BasicMCTS,2,1,1,Random,BasicMCTS,37.0,51.0,Random,Random,BasicMCTS,0
-765151654,SushiGo,3,GAME_OVER,61,0,2,149,2,BasicMCTS,2,1,1,Random,BasicMCTS,46.0,56.0,Random,Random,BasicMCTS,0
-382843140,SushiGo,3,GAME_OVER,62,0,2,150,2,BasicMCTS,2,1,1,Random,BasicMCTS,31.0,63.0,Random,Random,BasicMCTS,0
1616233144,SushiGo,3,GAME_OVER,62,0,2,151,2,BasicMCTS,2,1,1,Random,BasicMCTS,24.0,63.0,Random,Random,BasicMCTS,0
-1825767405,SushiGo,3,GAME_OVER,63,0,2,152,2,BasicMCTS,2,1,1,Random,BasicMCTS,36.0,49.0,Random,Random,BasicMCTS,0
-1681345762,SushiGo,3,GAME_OVER,62,0,2,153,2,BasicMCTS,2,1,1,Random,BasicMCTS,37.0,63.0,Random,Random,BasicMCTS,0
-1466223696,SushiGo,3,GAME_OVER,65,0,2,154,2,BasicMCTS,2,1,1,Random,BasicMCTS,36.0,61.0,Random,Random,BasicMCTS,0
-898042700,SushiGo,3,GAME_OVER,62,0,2,155,2,BasicMCTS,2,1,1,Random,BasicMCTS,32.0,64.0,Random,Random,BasicMCTS,0
-622095176,SushiGo,3,GAME_OVER,60,0,2,156,1,BasicMCTS,1,2,2,Random,BasicMCTS,46.0,45.0,Random,Random,BasicMCTS,1
-1621553363,SushiGo,3,GAME_OVER,60,0,2,157,2,BasicMCTS,2,1,1,Random,BasicMCTS,33.0,61.0,Random,Random,BasicMCTS,0
2021511387,SushiGo,3,GAME_OVER,60,0,2,158,2,BasicMCTS,2,1,1,Random,BasicMCTS,39.0,65.0,Random,Random,BasicMCTS,0
-1677040338,SushiGo,3,GAME_OVER,61,0,2,159,2,BasicMCTS,2,1,1,Random,BasicMCTS,43.0,53.0,Random,Random,BasicMCTS,0
1955989905,SushiGo,3,GAME_OVER,62,0,2,160,2,BasicMCTS,2,1,1,Random,BasicMCTS,43.0,62.0,Random,Random,BasicMCTS,0
-1876231119,SushiGo,3,GAME_OVER,62,0,2,161,2,BasicMCTS,2,1,1,Random,BasicMCTS,30.0,55.0,Random,Random,BasicMCTS,0
-1294795098,SushiGo,3,GAME_OVER,63,0,2,162,2,BasicMCTS,2,1,1,Random,BasicMCTS,39.0,51.0,Random,Random,BasicMCTS,0
127372284,SushiGo,3,GAME_OVER,60,0,2,163,2,BasicMCTS,2,1,1,Random,BasicMCTS,50.0,59.0,Random,Random,BasicMCTS,0
-991207967,SushiGo,3,GAME_OVER,60,0,2,164,2,BasicMCTS,2,1,1,Random,BasicMCTS,44.0,59.0,Random,Random,BasicMCTS,0
1049258221,SushiGo,3,GAME_OVER,63,0,2,165,2,BasicMCTS,2,1,1,Random,BasicMCTS,46.0,50.0,Random,Random,BasicMCTS,0
-2039767727,SushiGo,3,GAME_OVER,60,0,2,166,2,BasicMCTS,2,1,1,Random,BasicMCTS,40.0,57.0,Random,Random,BasicMCTS,0
1908179359,SushiGo,3,GAME_OVER,63,0,2,167,2,BasicMCTS,2,1,1,Random,BasicMCTS,46.0,53.0,Random,Random,BasicMCTS,0
1115136563,SushiGo,3,GAME_OVER,60,0,2,168,2,BasicMCTS,2,1,1,Random,BasicMCTS,38.0,61.0,Random,Random,BasicMCTS,0
-1493045323,SushiGo,3,GAME_OVER,62,0,2,169,2,BasicMCTS,2,1,1,Random,BasicMCTS,42.0,49.0,Random,Random,BasicMCTS,0
-394703714,SushiGo,3,GAME_OVER,61,0,2,170,2,BasicMCTS,2,1,1,Random,BasicMCTS,46.0,56.0,Random,Random,BasicMCTS,0
-432712488,SushiGo,3,GAME_OVER,60,0,2,171,2,BasicMCTS,2,1,1,Random,BasicMCTS,28.0,48.0,Random,Random,BasicMCTS,0
491282519,SushiGo,3,GAME_OVER,62,0,2,172,2,BasicMCTS,2,1,1,Random,BasicMCTS,35.0,55.0,Random,Random,BasicMCTS,0
-884033504,SushiGo,3,GAME_OVER,62,0,2,173,2,BasicMCTS,2,1,1,Random,BasicMCTS,27.0,66.0,Random,Random,BasicMCTS,0
991772015,SushiGo,3,GAME_OVER,60,0,2,174,2,BasicMCTS,2,1,1,Random,BasicMCTS,38.0,55.0,Random,Random,BasicMCTS,0
-835279488,SushiGo,3,GAME_OVER,64,0,2,175,2,BasicMCTS,2,1,1,Random,BasicMCTS,40.0,93.0,Random,Random,BasicMCTS,0
288423849,SushiGo,3,GAME_OVER,61,0,2,176,2,BasicMCTS,2,1,1,Random,BasicMCTS,36.0,66.0,Random,Random,BasicMCTS,0
306462715,SushiGo,3,GAME_OVER,62,0,2,177,1,BasicMCTS,1,2,2,Random,BasicMCTS,45.0,45.0,Random,Random,BasicMCTS,1
-1595934290,SushiGo,3,GAME_OVER,60,0,2,178,2,BasicMCTS,2,1,1,Random,BasicMCTS,38.0,56.0,Random,Random,BasicMCTS,0
372545689,SushiGo,3,GAME_OVER,62,0,2,179,2,BasicMCTS,2,1,1,Random,BasicMCTS,36.0,70.0,Random,Random,BasicMCTS,0
-1791317608,SushiGo,3,GAME_OVER,61,0,2,180,2,BasicMCTS,2,1,1,Random,BasicMCTS,32.0,57.0,Random,Random,BasicMCTS,0
594493312,SushiGo,3,GAME_OVER,60,0,2,181,2,BasicMCTS,2,1,1,Random,BasicMCTS,47.0,58.0,Random,Random,BasicMCTS,0
1375946348,SushiGo,3,GAME_OVER,61,0,2,182,2,BasicMCTS,2,1,1,Random,BasicMCTS,42.0,49.0,Random,Random,BasicMCTS,0
-1004766817,SushiGo,3,GAME_OVER,62,0,2,183,2,BasicMCTS,2,1,1,Random,BasicMCTS,30.0,50.0,Random,Random,BasicMCTS,0
714044006,SushiGo,3,GAME_OVER,60,0,2,184,2,BasicMCTS,2,1,1,Random,BasicMCTS,50.0,64.0,Random,Random,BasicMCTS,0
1418075335,SushiGo,3,GAME_OVER,64,0,2,185,2,BasicMCTS,2,1,1,Random,BasicMCTS,36.0,50.0,Random,Random,BasicMCTS,0
1141736524,SushiGo,3,GAME_OVER,61,0,2,186,2,BasicMCTS,2,1,1,Random,BasicMCTS,33.0,52.0,Random,Random,BasicMCTS,0
443981092,SushiGo,3,GAME_OVER,62,0,2,187,2,BasicMCTS,2,1,1,Random,BasicMCTS,50.0,69.0,Random,Random,BasicMCTS,0
-68629972,SushiGo,3,GAME_OVER,64,0,2,188,2,BasicMCTS,2,1,1,Random,BasicMCTS,34.0,48.0,Random,Random,BasicMCTS,0
1822990971,SushiGo,3,GAME_OVER,65,0,2,189,2,BasicMCTS,2,1,1,Random,BasicMCTS,37.0,93.0,Random,Random,BasicMCTS,0
268448290,SushiGo,3,GAME_OVER,61,0,2,190,2,BasicMCTS,2,1,1,Random,BasicMCTS,49.0,57.0,Random,Random,BasicMCTS,0
1043028123,SushiGo,3,GAME_OVER,62,0,2,191,2,BasicMCTS,2,1,1,Random,BasicMCTS,53.0,58.0,Random,Random,BasicMCTS,0
-1199211999,SushiGo,3,GAME_OVER,61,0,2,192,2,BasicMCTS,2,1,1,Random,BasicMCTS,44.0,47.0,Random,Random,BasicMCTS,0
1398271441,SushiGo,3,GAME_OVER,61,0,2,193,2,BasicMCTS,2,1,1,Random,BasicMCTS,48.0,53.0,Random,Random,BasicMCTS,0
648115670,SushiGo,3,GAME_OVER,62,0,2,194,2,BasicMCTS,2,1,1,Random,BasicMCTS,37.0,58.0,Random,Random,BasicMCTS,0
1962877811,SushiGo,3,GAME_OVER,61,0,2,195,2,BasicMCTS,2,1,1,Random,BasicMCTS,33.0,58.0,Random,Random,BasicMCTS,0
-1960070630,SushiGo,3,GAME_OVER,61,0,2,196,2,BasicMCTS,2,1,1,Random,BasicMCTS,48.0,62.0,Random,Random,BasicMCTS,0
36358070,SushiGo,3,GAME_OVER,62,0,2,197,2,BasicMCTS,2,1,1,Random,BasicMCTS,42.0,54.0,Random,Random,BasicMCTS,0
375050126,SushiGo,3,GAME_OVER,60,0,2,198,2,BasicMCTS,2,1,1,Random,BasicMCTS,32.0,45.0,Random,Random,BasicMCTS,0
1468478823,SushiGo,3,GAME_OVER,63,0,2,199,2,BasicMCTS,2,1,1,Random,BasicMCTS,36.0,68.0,Random,Random,BasicMCTS,0
-218109356,SushiGo,3,GAME_OVER,60,0,2,200,2,BasicMCTS,2,1,1,Random,BasicMCTS,47.0,48.0,Random,Random,BasicMCTS,0
-3023545,SushiGo,3,GAME_OVER,60,0,2,201,2,BasicMCTS,2,1,1,Random,BasicMCTS,43.0,55.0,Random,Random,BasicMCTS,0
346665430,SushiGo,3,GAME_OVER,60,0,2,202,1,FirstAction,1,2,2,BasicMCTS,FirstAction,60.0,33.0,BasicMCTS,BasicMCTS,FirstAction,1
879079583,SushiGo,3,GAME_OVER,60,0,2,203,1,FirstAction,1,2,2,BasicMCTS,FirstAction,66.0,37.0,BasicMCTS,BasicMCTS,FirstAction,1
-619666105,SushiGo,3,GAME_OVER,60,0,2,204,1,FirstAction,1,2,2,BasicMCTS,FirstAction,58.0,30.0,BasicMCTS,BasicMCTS,FirstAction,1
503938916,SushiGo,3,GAME_OVER,62,0,2,205,1,FirstAction,1,2,2,BasicMCTS,FirstAction,61.0,35.0,BasicMCTS,BasicMCTS,FirstAction,1
-428737539,SushiGo,3,GAME_OVER,60,0,2,206,1,FirstAction,1,2,2,BasicMCTS,FirstAction,52.0,36.0,BasicMCTS,BasicMCTS,FirstAction,1
-1745970416,SushiGo,3,GAME_OVER,60,0,2,207,1,FirstAction,1,2,2,BasicMCTS,FirstAction,63.0,52.0,BasicMCTS,BasicMCTS,FirstAction,1
-1436161366,SushiGo,3,GAME_OVER,60,0,2,208,1,FirstAction,1,2,2,BasicMCTS,FirstAction,58.0,47.0,BasicMCTS,BasicMCTS,FirstAction,1
-1151041315,SushiGo,3,GAME_OVER,61,0,2,209,1,FirstAction,1,2,2,BasicMCTS,FirstAction,50.0,28.0,BasicMCTS,BasicMCTS,FirstAction,1
697067980,SushiGo,3,GAME_OVER,60,0,2,210,1,FirstAction,1,2,2,BasicMCTS,FirstAction,60.0,23.0,BasicMCTS,BasicMCTS,FirstAction,1
1168140970,SushiGo,3,GAME_OVER,60,0,2,211,1,FirstAction,1,2,2,BasicMCTS,FirstAction,50.0,49.0,BasicMCTS,BasicMCTS,FirstAction,1
-1491060889,SushiGo,3,GAME_OVER,61,0,2,212,1,FirstAction,1,2,2,BasicMCTS,FirstAction,50.0,29.0,BasicMCTS,BasicMCTS,FirstAction,1
-1819802610,SushiGo,3,GAME_OVER,60,0,2,213,1,FirstAction,1,2,2,BasicMCTS,FirstAction,51.0,46.0,BasicMCTS,BasicMCTS,FirstAction,1
-2121274456,SushiGo,3,GAME_OVER,60,0,2,214,1,FirstAction,1,2,2,BasicMCTS,FirstAction,51.0,46.0,BasicMCTS,BasicMCTS,FirstAction,1
259280696,SushiGo,3,GAME_OVER,60,0,2,215,1,FirstAction,1,2,2,BasicMCTS,FirstAction,64.0,38.0,BasicMCTS,BasicMCTS,FirstAction,1
1706137030,SushiGo,3,GAME_OVER,60,0,2,216,1,FirstAction,1,2,2,BasicMCTS,FirstAction,57.0,37.0,BasicMCTS,BasicMCTS,FirstAction,1
545138396,SushiGo,3,GAME_OVER,60,0,2,217,1,FirstAction,1,2,2,BasicMCTS,FirstAction,55.0,34.0,BasicMCTS,BasicMCTS,FirstAction,1
1376458976,SushiGo,3,GAME_OVER,60,0,2,218,1,FirstAction,1,2,2,BasicMCTS,FirstAction,53.0,32.0,BasicMCTS,BasicMCTS,FirstAction,1
1195311045,SushiGo,3,GAME_OVER,60,0,2,219,1,FirstAction,1,2,2,BasicMCTS,FirstAction,59.0,35.0,BasicMCTS,BasicMCTS,FirstAction,1
813477029,SushiGo,3,GAME_OVER,60,0,2,220,1,FirstAction,1,2,2,BasicMCTS,FirstAction,57.0,40.0,BasicMCTS,BasicMCTS,FirstAction,1
-1466178614,SushiGo,3,GAME_OVER,60,0,2,221,1,FirstAction,1,2,2,BasicMCTS,FirstAction,53.0,44.0,BasicMCTS,BasicMCTS,FirstAction,1
-118322159,SushiGo,3,GAME_OVER,60,0,2,222,1,FirstAction,1,2,2,BasicMCTS,FirstAction,53.0,38.0,BasicMCTS,BasicMCTS,FirstAction,1
-1428166355,SushiGo,3,GAME_OVER,60,0,2,223,1,FirstAction,1,2,2,BasicMCTS,FirstAction,57.0,43.0,BasicMCTS,BasicMCTS,FirstAction,1
1144294523,SushiGo,3,GAME_OVER,61,0,2,224,1,FirstAction,1,2,2,BasicMCTS,FirstAction,78.0,39.0,BasicMCTS,BasicMCTS,FirstAction,1
2100098225,SushiGo,3,GAME_OVER,60,0,2,225,1,FirstAction,1,2,2,BasicMCTS,FirstAction,76.0,42.0,BasicMCTS,BasicMCTS,FirstAction,1
23994827,SushiGo,3,GAME_OVER,60,0,2,226,1,FirstAction,1,2,2,BasicMCTS,FirstAction,55.0,40.0,BasicMCTS,BasicMCTS,FirstAction,1
1662792176,SushiGo,3,GAME_OVER,60,0,2,227,1,FirstAction,1,2,2,BasicMCTS,FirstAction,53.0,46.0,BasicMCTS,BasicMCTS,FirstAction,1
2013120665,SushiGo,3,GAME_OVER,60,0,2,228,1,FirstAction,1,2,2,BasicMCTS,FirstAction,51.0,35.0,BasicMCTS,BasicMCTS,FirstAction,1
-1880183632,SushiGo,3,GAME_OVER,60,0,2,229,1,FirstAction,1,2,2,BasicMCTS,FirstAction,56.0,38.0,BasicMCTS,BasicMCTS,FirstAction,1
-1377239692,SushiGo,3,GAME_OVER,60,0,2,230,1,FirstAction,1,2,2,BasicMCTS,FirstAction,70.0,42.0,BasicMCTS,BasicMCTS,FirstAction,1
1795532617,SushiGo,3,GAME_OVER,60,0,2,231,1,FirstAction,1,2,2,BasicMCTS,FirstAction,71.0,39.0,BasicMCTS,BasicMCTS,FirstAction,1
-1548656463,SushiGo,3,GAME_OVER,60,0,2,232,1,FirstAction,1,2,2,BasicMCTS,FirstAction,61.0,49.0,BasicMCTS,BasicMCTS,FirstAction,1
-653656736,SushiGo,3,GAME_OVER,60,0,2,233,1,FirstAction,1,2,2,BasicMCTS,FirstAction,68.0,53.0,BasicMCTS,BasicMCTS,FirstAction,1
-400394132,SushiGo,3,GAME_OVER,61,0,2,234,1,FirstAction,1,2,2,BasicMCTS,FirstAction,61.0,41.0,BasicMCTS,BasicMCTS,FirstAction,1
-1422203009,SushiGo,3,GAME_OVER,60,0,2,235,1,FirstAction,1,2,2,BasicMCTS,FirstAction,56.0,44.0,BasicMCTS,BasicMCTS,FirstAction,1
-1113178468,SushiGo,3,GAME_OVER,60,0,2,236,1,FirstAction,1,2,2,BasicMCTS,FirstAction,54.0,39.0,BasicMCTS,BasicMCTS,FirstAction,1
-175367348,SushiGo,3,GAME_OVER,60,0,2,237,1,FirstAction,1,2,2,BasicMCTS,FirstAction,70.0,28.0,BasicMCTS,BasicMCTS,FirstAction,1
1362911089,SushiGo,3,GAME_OVER,60,0,2,238,1,FirstAction,1,2,2,BasicMCTS,FirstAction,60.0,40.0,BasicMCTS,BasicMCTS,FirstAction,1
-347120262,SushiGo,3,GAME_OVER,60,0,2,239,1,FirstAction,1,2,2,BasicMCTS,FirstAction,72.0,43.0,BasicMCTS,BasicMCTS,FirstAction,1
1416514647,SushiGo,3,GAME_OVER,60,0,2,240,1,FirstAction,1,2,2,BasicMCTS,FirstAction,52.0,34.0,BasicMCTS,BasicMCTS,FirstAction,1
-1570736736,SushiGo,3,GAME_OVER,60,0,2,241,1,FirstAction,1,2,2,BasicMCTS,FirstAction,60.0,41.0,BasicMCTS,BasicMCTS,FirstAction,1
-1532681659,SushiGo,3,GAME_OVER,60,0,2,242,1,FirstAction,1,2,2,BasicMCTS,FirstAction,51.0,42.0,BasicMCTS,BasicMCTS,FirstAction,1
2038358424,SushiGo,3,GAME_OVER,60,0,2,243,1,FirstAction,1,2,2,BasicMCTS,FirstAction,59.0,38.0,BasicMCTS,BasicMCTS,FirstAction,1
1950377550,SushiGo,3,GAME_OVER,60,0,2,244,1,FirstAction,1,2,2,BasicMCTS,FirstAction,58.0,50.0,BasicMCTS,BasicMCTS,FirstAction,1
-389679841,SushiGo,3,GAME_OVER,60,0,2,245,1,FirstAction,1,2,2,BasicMCTS,FirstAction,47.0,40.0,BasicMCTS,BasicMCTS,FirstAction,1
-1652369011,SushiGo,3,GAME_OVER,60,0,2,246,1,FirstAction,1,2,2,BasicMCTS,FirstAction,75.0,35.0,BasicMCTS,BasicMCTS,FirstAction,1
649728961,SushiGo,3,GAME_OVER,60,0,2,247,1,FirstAction,1,2,2,BasicMCTS,FirstAction,83.0,39.0,BasicMCTS,BasicMCTS,FirstAction,1
1939385821,SushiGo,3,GAME_OVER,61,0,2,248,1,FirstAction,1,2,2,BasicMCTS,FirstAction,56.0,32.0,BasicMCTS,BasicMCTS,FirstAction,1
-765151654,SushiGo,3,GAME_OVER,60,0,2,249,1,FirstAction,1,2,2,BasicMCTS,FirstAction,60.0,45.0,BasicMCTS,BasicMCTS,FirstAction,1
-382843140,SushiGo,3,GAME_OVER,60,0,2,250,1,FirstAction,1,2,2,BasicMCTS,FirstAction,53.0,52.0,BasicMCTS,BasicMCTS,FirstAction,1
1616233144,SushiGo,3,GAME_OVER,60,0,2,251,1,FirstAction,1,2,2,BasicMCTS,FirstAction,52.0,32.0,BasicMCTS,BasicMCTS,FirstAction,1
-1825767405,SushiGo,3,GAME_OVER,60,0,2,252,1,FirstAction,1,2,2,BasicMCTS,FirstAction,45.0,35.0,BasicMCTS,BasicMCTS,FirstAction,1
-1681345762,SushiGo,3,GAME_OVER,60,0,2,253,1,FirstAction,1,2,2,BasicMCTS,FirstAction,60.0,38.0,BasicMCTS,BasicMCTS,FirstAction,1
-1466223696,SushiGo,3,GAME_OVER,60,0,2,254,1,FirstAction,1,2,2,BasicMCTS,FirstAction,51.0,50.0,BasicMCTS,BasicMCTS,FirstAction,1
-898042700,SushiGo,3,GAME_OVER,60,0,2,255,1,FirstAction,1,2,2,BasicMCTS,FirstAction,88.0,32.0,BasicMCTS,BasicMCTS,FirstAction,1
-622095176,SushiGo,3,GAME_OVER,60,0,2,256,1,FirstAction,1,2,2,BasicMCTS,FirstAction,44.0,39.0,BasicMCTS,BasicMCTS,FirstAction,1
-1621553363,SushiGo,3,GAME_OVER,60,0,2,257,1,FirstAction,1,2,2,BasicMCTS,FirstAction,56.0,46.0,BasicMCTS,BasicMCTS,FirstAction,1
2021511387,SushiGo,3,GAME_OVER,60,0,2,258,1,FirstAction,1,2,2,BasicMCTS,FirstAction,54.0,45.0,BasicMCTS,BasicMCTS,FirstAction,1
-1677040338,SushiGo,3,GAME_OVER,60,0,2,259,1,FirstAction,1,2,2,BasicMCTS,FirstAction,56.0,29.0,BasicMCTS,BasicMCTS,FirstAction,1
1955989905,SushiGo,3,GAME_OVER,60,0,2,260,1,FirstAction,1,2,2,BasicMCTS,FirstAction,76.0,37.0,BasicMCTS,BasicMCTS,FirstAction,1
-1876231119,SushiGo,3,GAME_OVER,60,0,2,261,1,FirstAction,1,2,2,BasicMCTS,FirstAction,48.0,43.0,BasicMCTS,BasicMCTS,FirstAction,1
-1294795098,SushiGo,3,GAME_OVER,61,0,2,262,1,FirstAction,1,2,2,BasicMCTS,FirstAction,63.0,43.0,BasicMCTS,BasicMCTS,FirstAction,1
127372284,SushiGo,3,GAME_OVER,60,0,2,263,1,FirstAction,1,2,2,BasicMCTS,FirstAction,56.0,49.0,BasicMCTS,BasicMCTS,FirstAction,1
-991207967,SushiGo,3,GAME_OVER,60,0,2,264,1,FirstAction,1,2,2,BasicMCTS,FirstAction,52.0,32.0,BasicMCTS,BasicMCTS,FirstAction,1
1049258221,SushiGo,3,GAME_OVER,61,0,2,265,1,FirstAction,1,2,2,BasicMCTS,FirstAction,61.0,49.0,BasicMCTS,BasicMCTS,FirstAction,1
-2039767727,SushiGo,3,GAME_OVER,60,0,2,266,1,FirstAction,1,2,2,BasicMCTS,FirstAction,64.0,42.0,BasicMCTS,BasicMCTS,FirstAction,1
1908179359,SushiGo,3,GAME_OVER,60,0,2,267,1,FirstAction,1,2,2,BasicMCTS,FirstAction,52.0,35.0,BasicMCTS,BasicMCTS,FirstAction,1
1115136563,SushiGo,3,GAME_OVER,61,0,2,268,1,FirstAction,1,2,2,BasicMCTS,FirstAction,68.0,38.0,BasicMCTS,BasicMCTS,FirstAction,1
-1493045323,SushiGo,3,GAME_OVER,60,0,2,269,1,FirstAction,1,2,2,BasicMCTS,FirstAction,58.0,43.0,BasicMCTS,BasicMCTS,FirstAction,1
-394703714,SushiGo,3,GAME_OVER,60,0,2,270,1,FirstAction,1,2,2,BasicMCTS,FirstAction,53.0,28.0,BasicMCTS,BasicMCTS,FirstAction,1
-432712488,SushiGo,3,GAME_OVER,60,0,2,271,1,FirstAction,1,2,2,BasicMCTS,FirstAction,45.0,38.0,BasicMCTS,BasicMCTS,FirstAction,1
491282519,SushiGo,3,GAME_OVER,60,0,2,272,1,FirstAction,1,2,2,BasicMCTS,FirstAction,58.0,40.0,BasicMCTS,BasicMCTS,FirstAction,1
-884033504,SushiGo,3,GAME_OVER,60,0,2,273,1,FirstAction,1,2,2,BasicMCTS,FirstAction,43.0,38.0,BasicMCTS,BasicMCTS,FirstAction,1
991772015,SushiGo,3,GAME_OVER,60,0,2,274,1,FirstAction,1,2,2,BasicMCTS,FirstAction,60.0,31.0,BasicMCTS,BasicMCTS,FirstAction,1
-835279488,SushiGo,3,GAME_OVER,60,0,2,275,1,FirstAction,1,2,2,BasicMCTS,FirstAction,70.0,41.0,BasicMCTS,BasicMCTS,FirstAction,1
288423849,SushiGo,3,GAME_OVER,62,0,2,276,1,FirstAction,1,2,2,BasicMCTS,FirstAction,48.0,45.0,BasicMCTS,BasicMCTS,FirstAction,1
306462715,SushiGo,3,GAME_OVER,60,0,2,277,1,FirstAction,1,2,2,BasicMCTS,FirstAction,55.0,35.0,BasicMCTS,BasicMCTS,FirstAction,1
-1595934290,SushiGo,3,GAME_OVER,60,0,2,278,1,FirstAction,1,2,2,BasicMCTS,FirstAction,61.0,48.0,BasicMCTS,BasicMCTS,FirstAction,1
372545689,SushiGo,3,GAME_OVER,60,0,2,279,1,FirstAction,1,2,2,BasicMCTS,FirstAction,51.0,45.0,BasicMCTS,BasicMCTS,FirstAction,1
-1791317608,SushiGo,3,GAME_OVER,60,0,2,280,1,FirstAction,1,2,2,BasicMCTS,FirstAction,69.0,29.0,BasicMCTS,BasicMCTS,FirstAction,1
594493312,SushiGo,3,GAME_OVER,60,0,2,281,1,FirstAction,1,2,2,BasicMCTS,FirstAction,54.0,45.0,BasicMCTS,BasicMCTS,FirstAction,1
1375946348,SushiGo,3,GAME_OVER,60,0,2,282,1,FirstAction,1,2,2,BasicMCTS,FirstAction,39.0,34.0,BasicMCTS,BasicMCTS,FirstAction,1
-1004766817,SushiGo,3,GAME_OVER,61,0,2,283,1,FirstAction,1,2,2,BasicMCTS,FirstAction,54.0,35.0,BasicMCTS,BasicMCTS,FirstAction,1
714044006,SushiGo,3,GAME_OVER,60,0,2,284,1,FirstAction,1,2,2,BasicMCTS,FirstAction,79.0,48.0,BasicMCTS,BasicMCTS,FirstAction,1
1418075335,SushiGo,3,GAME_OVER,60,0,2,285,1,FirstAction,1,2,2,BasicMCTS,FirstAction,64.0,32.0,BasicMCTS,BasicMCTS,FirstAction,1
1141736524,SushiGo,3,GAME_OVER,60,0,2,286,1,FirstAction,1,2,2,BasicMCTS,FirstAction,49.0,34.0,BasicMCTS,BasicMCTS,FirstAction,1
443981092,SushiGo,3,GAME_OVER,60,0,2,287,1,FirstAction,1,2,2,BasicMCTS,FirstAction,57.0,40.0,BasicMCTS,BasicMCTS,FirstAction,1
-68629972,SushiGo,3,GAME_OVER,60,0,2,288,1,FirstAction,1,2,2,BasicMCTS,FirstAction,46.0,35.0,BasicMCTS,BasicMCTS,FirstAction,1
1822990971,SushiGo,3,GAME_OVER,60,0,2,289,1,FirstAction,1,2,2,BasicMCTS,FirstAction,73.0,44.0,BasicMCTS,BasicMCTS,FirstAction,1
268448290,SushiGo,3,GAME_OVER,60,0,2,290,1,FirstAction,1,2,2,BasicMCTS,FirstAction,44.0,35.0,BasicMCTS,BasicMCTS,FirstAction,1
1043028123,SushiGo,3,GAME_OVER,60,0,2,291,1,FirstAction,1,2,2,BasicMCTS,FirstAction,61.0,46.0,BasicMCTS,BasicMCTS,FirstAction,1
-1199211999,SushiGo,3,GAME_OVER,60,0,2,292,1,FirstAction,1,2,2,BasicMCTS,FirstAction,73.0,57.0,BasicMCTS,BasicMCTS,FirstAction,1
1398271441,SushiGo,3,GAME_OVER,60,0,2,293,1,FirstAction,1,2,2,BasicMCTS,FirstAction,69.0,31.0,BasicMCTS,BasicMCTS,FirstAction,1
648115670,SushiGo,3,GAME_OVER,60,0,2,294,1,FirstAction,1,2,2,BasicMCTS,FirstAction,56.0,41.0,BasicMCTS,BasicMCTS,FirstAction,1
1962877811,SushiGo,3,GAME_OVER,60,0,2,295,1,FirstAction,1,2,2,BasicMCTS,FirstAction,52.0,42.0,BasicMCTS,BasicMCTS,FirstAction,1
-1960070630,SushiGo,3,GAME_OVER,60,0,2,296,1,FirstAction,1,2,2,BasicMCTS,FirstAction,64.0,24.0,BasicMCTS,BasicMCTS,FirstAction,1
36358070,SushiGo,3,GAME_OVER,60,0,2,297,1,FirstAction,1,2,2,BasicMCTS,FirstAction,54.0,35.0,BasicMCTS,BasicMCTS,FirstAction,1
375050126,SushiGo,3,GAME_OVER,61,0,2,298,2,FirstAction,2,1,1,BasicMCTS,FirstAction,43.0,48.0,BasicMCTS,BasicMCTS,FirstAction,0
1468478823,SushiGo,3,GAME_OVER,60,0,2,299,1,FirstAction,1,2,2,BasicMCTS,FirstAction,58.0,42.0,BasicMCTS,BasicMCTS,FirstAction,1
-218109356,SushiGo,3,GAME_OVER,61,0,2,300,2,FirstAction,2,1,1,BasicMCTS,FirstAction,39.0,65.0,BasicMCTS,BasicMCTS,FirstAction,0
-3023545,SushiGo,3,GAME_OVER,61,0,2,301,1,FirstAction,1,2,2,BasicMCTS,FirstAction,56.0,42.0,BasicMCTS,BasicMCTS,FirstAction,1
346665430,SushiGo,3,GAME_OVER,61,0,2,302,1,FirstAction,1,2,2,Random,FirstAction,39.0,37.0,Random,Random,FirstAction,1
879079583,SushiGo,3,GAME_OVER,61,0,2,303,2,FirstAction,2,1,1,Random,FirstAction,55.0,62.0,Random,Random,FirstAction,0
-619666105,SushiGo,3,GAME_OVER,61,0,2,304,2,FirstAction,2,1,1,Random,FirstAction,48.0,56.0,Random,Random,FirstAction,0
503938916,SushiGo,3,GAME_OVER,61,0,2,305,1,FirstAction,1,2,2,Random,FirstAction,62.0,38.0,Random,Random,FirstAction,1
-428737539,SushiGo,3,GAME_OVER,62,0,2,306,1,FirstAction,1,2,2,Random,FirstAction,61.0,39.0,Random,Random,FirstAction,1
-1745970416,SushiGo,3,GAME_OVER,61,0,2,307,2,FirstAction,2,1,1,Random,FirstAction,46.0,57.0,Random,Random,FirstAction,0
-1436161366,SushiGo,3,GAME_OVER,60,0,2,308,1,FirstAction,1,2,2,Random,FirstAction,65.0,38.0,Random,Random,FirstAction,1
-1151041315,SushiGo,3,GAME_OVER,60,0,2,309,1,FirstAction,1,2,2,Random,FirstAction,52.0,46.0,Random,Random,FirstAction,1
697067980,SushiGo,3,GAME_OVER,62,0,2,310,1,FirstAction,1,2,2,Random,FirstAction,50.0,41.0,Random,Random,FirstAction,1
1168140970,SushiGo,3,GAME_OVER,60,0,2,311,2,FirstAction,2,1,1,Random,FirstAction,46.0,47.0,Random,Random,FirstAction,0
-1491060889,SushiGo,3,GAME_OVER,61,0,2,312,1,FirstAction,1,2,2,Random,FirstAction,38.0,37.0,Random,Random,FirstAction,1
-1819802610,SushiGo,3,GAME_OVER,61,0,2,313,2,FirstAction,2,1,1,Random,FirstAction,48.0,51.0,Random,Random,FirstAction,0
-2121274456,SushiGo,3,GAME_OVER,61,0,2,314,1,FirstAction,1,2,2,Random,FirstAction,47.0,39.0,Random,Random,FirstAction,1
259280696,SushiGo,3,GAME_OVER,61,0,2,315,1,FirstAction,1,2,2,Random,FirstAction,54.0,40.0,Random,Random,FirstAction,1
1706137030,SushiGo,3,GAME_OVER,60,0,2,316,1,FirstAction,1,2,2,Random,FirstAction,48.0,48.0,Random,Random,FirstAction,1
545138396,SushiGo,3,GAME_OVER,62,0,2,317,1,FirstAction,1,2,2,Random,FirstAction,50.0,42.0,Random,Random,FirstAction,1
1376458976,SushiGo,3,GAME_OVER,60,0,2,318,2,FirstAction,2,1,1,Random,FirstAction,55.0,63.0,Random,Random,FirstAction,0
1195311045,SushiGo,3,GAME_OVER,61,0,2,319,2,FirstAction,2,1,1,Random,FirstAction,37.0,48.0,Random,Random,FirstAction,0
813477029,SushiGo,3,GAME_OVER,61,0,2,320,1,FirstAction,1,2,2,Random,FirstAction,50.0,46.0,Random,Random,FirstAction,1
-1466178614,SushiGo,3,GAME_OVER,60,0,2,321,1,FirstAction,1,2,2,Random,FirstAction,58.0,57.0,Random,Random,FirstAction,1
-118322159,SushiGo,3,GAME_OVER,61,0,2,322,1,FirstAction,1,2,2,Random,FirstAction,46.0,42.0,Random,Random,FirstAction,1
-1428166355,SushiGo,3,GAME_OVER,61,0,2,323,2,FirstAction,2,1,1,Random,FirstAction,44.0,67.0,Random,Random,FirstAction,0
1144294523,SushiGo,3,GAME_OVER,62,0,2,324,1,FirstAction,1,2,2,Random,FirstAction,60.0,56.0,Random,Random,FirstAction,1
2100098225,SushiGo,3,GAME_OVER,61,0,2,325,1,FirstAction,1,2,2,Random,FirstAction,52.0,50.0,Random,Random,FirstAction,1
23994827,SushiGo,3,GAME_OVER,61,0,2,326,1,FirstAction,1,2,2,Random,FirstAction,39.0,38.0,Random,Random,FirstAction,1
1662792176,SushiGo,3,GAME_OVER,61,0,2,327,1,FirstAction,1,2,2,Random,FirstAction,52.0,42.0,Random,Random,FirstAction,1
2013120665,SushiGo,3,GAME_OVER,61,0,2,328,1,FirstAction,1,2,2,Random,FirstAction,38.0,37.0,Random,Random,FirstAction,1
-1880183632,SushiGo,3,GAME_OVER,60,0,2,329,1,FirstAction,1,2,2,Random,FirstAction,41.0,41.0,Random,Random,FirstAction,1
-1377239692,SushiGo,3,GAME_OVER,60,0,2,330,1,FirstAction,1,2,2,Random,FirstAction,64.0,45.0,Random,Random,FirstAction,1
1795532617,SushiGo,3,GAME_OVER,61,0,2,331,1,FirstAction,1,2,2,Random,FirstAction,47.0,43.0,Random,Random,FirstAction,1
-1548656463,SushiGo,3,GAME_OVER,61,0,2,332,1,FirstAction,1,2,2,Random,FirstAction,74.0,38.0,Random,Random,FirstAction,1
-653656736,SushiGo,3,GAME_OVER,61,0,2,333,1,FirstAction,1,2,2,Random,FirstAction,48.0,45.0,Random,Random,FirstAction,1
-400394132,SushiGo,3,GAME_OVER,61,0,2,334,1,FirstAction,1,2,2,Random,FirstAction,55.0,45.0,Random,Random,FirstAction,1
-1422203009,SushiGo,3,GAME_OVER,62,0,2,335,1,FirstAction,1,2,2,Random,FirstAction,48.0,43.0,Random,Random,FirstAction,1
-1113178468,SushiGo,3,GAME_OVER,61,0,2,336,1,FirstAction,1,2,2,Random,FirstAction,56.0,40.0,Random,Random,FirstAction,1
-175367348,SushiGo,3,GAME_OVER,60,0,2,337,1,FirstAction,1,2,2,Random,FirstAction,58.0,33.0,Random,Random,FirstAction,1
1362911089,SushiGo,3,GAME_OVER,61,0,2,338,1,FirstAction,1,2,2,Random,FirstAction,48.0,38.0,Random,Random,FirstAction,1
-347120262,SushiGo,3,GAME_OVER,61,0,2,339,2,FirstAction,2,1,1,Random,FirstAction,46.0,51.0,Random,Random,FirstAction,0
1416514647,SushiGo,3,GAME_OVER,61,0,2,340,2,FirstAction,2,1,1,Random,FirstAction,53.0,56.0,Random,Random,FirstAction,0
-1570736736,SushiGo,3,GAME_OVER,60,0,2,341,2,FirstAction,2,1,1,Random,FirstAction,45.0,47.0,Random,Random,FirstAction,0
-1532681659,SushiGo,3,GAME_OVER,61,0,2,342,2,FirstAction,2,1,1,Random,FirstAction,44.0,47.0,Random,Random,FirstAction,0
2038358424,SushiGo,3,GAME_OVER,60,0,2,343,1,FirstAction,1,2,2,Random,FirstAction,62.0,51.0,Random,Random,FirstAction,1
1950377550,SushiGo,3,GAME_OVER,61,0,2,344,1,FirstAction,1,2,2,Random,FirstAction,57.0,46.0,Random,Random,FirstAction,1
-389679841,SushiGo,3,GAME_OVER,61,0,2,345,1,FirstAction,1,2,2,Random,FirstAction,45.0,44.0,Random,Random,FirstAction,1
-1652369011,SushiGo,3,GAME_OVER,61,0,2,346,1,FirstAction,1,2,2,Random,FirstAction,58.0,44.0,Random,Random,FirstAction,1
649728961,SushiGo,3,GAME_OVER,62,0,2,347,1,FirstAction,1,2,2,Random,FirstAction,60.0,50.0,Random,Random,FirstAction,1
1939385821,SushiGo,3,GAME_OVER,61,0,2,348,2,FirstAction,2,1,1,Random,FirstAction,41.0,53.0,Random,Random,FirstAction,0
-765151654,SushiGo,3,GAME_OVER,61,0,2,349,1,FirstAction,1,2,2,Random,FirstAction,47.0,47.0,Random,Random,FirstAction,1
-382843140,SushiGo,3,GAME_OVER,60,0,2,350,2,FirstAction,2,1,1,Random,FirstAction,44.0,53.0,Random,Random,FirstAction,0
1616233144,SushiGo,3,GAME_OVER,61,0,2,351,1,FirstAction,1,2,2,Random,FirstAction,43.0,40.0,Random,Random,FirstAction,1
-1825767405,SushiGo,3,GAME_OVER,61,0,2,352,1,FirstAction,1,2,2,Random,FirstAction,43.0,39.0,Random,Random,FirstAction,1
-1681345762,SushiGo,3,GAME_OVER,61,0,2,353,1,FirstAction,1,2,2,Random,FirstAction,62.0,39.0,Random,Random,FirstAction,1
-1466223696,SushiGo,3,GAME_OVER,62,0,2,354,2,FirstAction,2,1,1,Random,FirstAction,46.0,63.0,Random,Random,FirstAction,0
-898042700,SushiGo,3,GAME_OVER,60,0,2,355,2,FirstAction,2,1,1,Random,FirstAction,49.0,54.0,Random,Random,FirstAction,0
-622095176,SushiGo,3,GAME_OVER,60,0,2,356,1,FirstAction,1,2,2,Random,FirstAction,44.0,44.0,Random,Random,FirstAction,1
-1621553363,SushiGo,3,GAME_OVER,61,0,2,357,1,FirstAction,1,2,2,Random,FirstAction,46.0,44.0,Random,Random,FirstAction,1
2021511387,SushiGo,3,GAME_OVER,61,0,2,358,1,FirstAction,1,2,2,Random,FirstAction,51.0,50.0,Random,Random,FirstAction,1
-1677040338,SushiGo,3,GAME_OVER,61,0,2,359,1,FirstAction,1,2,2,Random,FirstAction,41.0,39.0,Random,Random,FirstAction,1
1955989905,SushiGo,3,GAME_OVER,60,0,2,360,1,FirstAction,1,2,2,Random,FirstAction,53.0,40.0,Random,Random,FirstAction,1
-1876231119,SushiGo,3,GAME_OVER,61,0,2,361,1,FirstAction,1,2,2,Random,FirstAction,47.0,41.0,Random,Random,FirstAction,1
-1294795098,SushiGo,3,GAME_OVER,61,0,2,362,1,FirstAction,1,2,2,Random,FirstAction,66.0,45.0,Random,Random,FirstAction,1
127372284,SushiGo,3,GAME_OVER,63,0,2,363,2,FirstAction,2,1,1,Random,FirstAction,47.0,58.0,Random,Random,FirstAction,0
-991207967,SushiGo,3,GAME_OVER,60,0,2,364,1,FirstAction,1,2,2,Random,FirstAction,53.0,35.0,Random,Random,FirstAction,1
1049258221,SushiGo,3,GAME_OVER,61,0,2,365,1,FirstAction,1,2,2,Random,FirstAction,59.0,49.0,Random,Random,FirstAction,1
-2039767727,SushiGo,3,GAME_OVER,60,0,2,366,2,FirstAction,2,1,1,Random,FirstAction,41.0,53.0,Random,Random,FirstAction,0
1908179359,SushiGo,3,GAME_OVER,61,0,2,367,1,FirstAction,1,2,2,Random,FirstAction,60.0,48.0,Random,Random,FirstAction,1
1115136563,SushiGo,3,GAME_OVER,60,0,2,368,1,FirstAction,1,2,2,Random,FirstAction,54.0,45.0,Random,Random,FirstAction,1
-1493045323,SushiGo,3,GAME_OVER,60,0,2,369,1,FirstAction,1,2,2,Random,FirstAction,53.0,47.0,Random,Random,FirstAction,1
-394703714,SushiGo,3,GAME_OVER,61,0,2,370,1,FirstAction,1,2,2,Random,FirstAction,57.0,42.0,Random,Random,FirstAction,1
-432712488,SushiGo,3,GAME_OVER,63,0,2,371,2,FirstAction,2,1,1,Random,FirstAction,42.0,50.0,Random,Random,FirstAction,0
491282519,SushiGo,3,GAME_OVER,61,0,2,372,1,FirstAction,1,2,2,Random,FirstAction,51.0,45.0,Random,Random,FirstAction,1
-884033504,SushiGo,3,GAME_OVER,60,0,2,373,2,FirstAction,2,1,1,Random,FirstAction,53.0,64.0,Random,Random,FirstAction,0
991772015,SushiGo,3,GAME_OVER,60,0,2,374,2,FirstAction,2,1,1,Random,FirstAction,45.0,51.0,Random,Random,FirstAction,0
-835279488,SushiGo,3,GAME_OVER,60,0,2,375,1,FirstAction,1,2,2,Random,FirstAction,76.0,48.0,Random,Random,FirstAction,1
288423849,SushiGo,3,GAME_OVER,61,0,2,376,1,FirstAction,1,2,2,Random,FirstAction,45.0,38.0,Random,Random,FirstAction,1
306462715,SushiGo,3,GAME_OVER,61,0,2,377,1,FirstAction,1,2,2,Random,FirstAction,47.0,36.0,Random,Random,FirstAction,1
-1595934290,SushiGo,3,GAME_OVER,60,0,2,378,2,FirstAction,2,1,1,Random,FirstAction,49.0,55.0,Random,Random,FirstAction,0
372545689,SushiGo,3,GAME_OVER,61,0,2,379,1,FirstAction,1,2,2,Random,FirstAction,68.0,51.0,Random,Random,FirstAction,1
-1791317608,SushiGo,3,GAME_OVER,60,0,2,380,1,FirstAction,1,2,2,Random,FirstAction,58.0,42.0,Random,Random,FirstAction,1
594493312,SushiGo,3,GAME_OVER,61,0,2,381,1,FirstAction,1,1,1,Random,FirstAction,48.0,48.0,Random,Random,FirstAction,-1
1375946348,SushiGo,3,GAME_OVER,61,0,2,382,1,FirstAction,1,2,2,Random,FirstAction,41.0,36.0,Random,Random,FirstAction,1
-1004766817,SushiGo,3,GAME_OVER,61,0,2,383,2,FirstAction,2,1,1,Random,FirstAction,40.0,46.0,Random,Random,FirstAction,0
714044006,SushiGo,3,GAME_OVER,60,0,2,384,1,FirstAction,1,2,2,Random,FirstAction,59.0,55.0,Random,Random,FirstAction,1
1418075335,SushiGo,3,GAME_OVER,62,0,2,385,2,FirstAction,2,1,1,Random,FirstAction,46.0,48.0,Random,Random,FirstAction,0
1141736524,SushiGo,3,GAME_OVER,60,0,2,386,2,FirstAction,2,1,1,Random,FirstAction,45.0,55.0,Random,Random,FirstAction,0
443981092,SushiGo,3,GAME_OVER,60,0,2,387,1,FirstAction,1,2,2,Random,FirstAction,56.0,34.0,Random,Random,FirstAction,1
-68629972,SushiGo,3,GAME_OVER,60,0,2,388,2,FirstAction,2,1,1,Random,FirstAction,43.0,56.0,Random,Random,FirstAction,0
1822990971,SushiGo,3,GAME_OVER,60,0,2,389,2,FirstAction,2,1,1,Random,FirstAction,50.0,68.0,Random,Random,FirstAction,0
268448290,SushiGo,3,GAME_OVER,60,0,2,390,2,FirstAction,2,1,1,Random,FirstAction,35.0,45.0,Random,Random,FirstAction,0
1043028123,SushiGo,3,GAME_OVER,60,0,2,391,2,FirstAction,2,1,1,Random,FirstAction,38.0,59.0,Random,Random,FirstAction,0
-1199211999,SushiGo,3,GAME_OVER,60,0,2,392,1,FirstAction,1,2,2,Random,FirstAction,61.0,46.0,Random,Random,FirstAction,1
1398271441,SushiGo,3,GAME_OVER,60,0,2,393,1,FirstAction,1,2,2,Random,FirstAction,48.0,46.0,Random,Random,FirstAction,1
648115670,SushiGo,3,GAME_OVER,61,0,2,394,1,FirstAction,1,2,2,Random,FirstAction,57.0,38.0,Random,Random,FirstAction,1
1962877811,SushiGo,3,GAME_OVER,61,0,2,395,2,FirstAction,2,1,1,Random,FirstAction,38.0,58.0,Random,Random,FirstAction,0
-1960070630,SushiGo,3,GAME_OVER,61,0,2,396,2,FirstAction,2,1,1,Random,FirstAction,48.0,58.0,Random,Random,FirstAction,0
36358070,SushiGo,3,GAME_OVER,61,0,2,397,1,FirstAction,1,2,2,Random,FirstAction,62.0,45.0,Random,Random,FirstAction,1
375050126,SushiGo,3,GAME_OVER,64,0,2,398,2,FirstAction,2,1,1,Random,FirstAction,41.0,42.0,Random,Random,FirstAction,0
1468478823,SushiGo,3,GAME_OVER,61,0,2,399,1,FirstAction,1,2,2,Random,FirstAction,63.0,50.0,Random,Random,FirstAction,1
-218109356,SushiGo,3,GAME_OVER,62,0,2,400,2,FirstAction,2,1,1,Random,FirstAction,43.0,61.0,Random,Random,FirstAction,0
-3023545,SushiGo,3,GAME_OVER,60,0,2,401,1,FirstAction,1,2,2,Random,FirstAction,48.0,47.0,Random,Random,FirstAction,1
346665430,SushiGo,3,GAME_OVER,61,0,2,402,1,Random,1,2,2,BasicMCTS,Random,39.0,38.0,BasicMCTS,BasicMCTS,Random,1
879079583,SushiGo,3,GAME_OVER,60,0,2,403,1,Random,1,2,2,BasicMCTS,Random,68.0,35.0,BasicMCTS,BasicMCTS,Random,1
-619666105,SushiGo,3,GAME_OVER,63,0,2,404,1,Random,1,2,2,BasicMCTS,Random,56.0,35.0,BasicMCTS,BasicMCTS,Random,1
503938916,SushiGo,3,GAME_OVER,60,0,2,405,1,Random,1,2,2,BasicMCTS,Random,49.0,47.0,BasicMCTS,BasicMCTS,Random,1
-428737539,SushiGo,3,GAME_OVER,61,0,2,406,1,Random,1,2,2,BasicMCTS,Random,52.0,46.0,BasicMCTS,BasicMCTS,Random,1
-1745970416,SushiGo,3,GAME_OVER,63,0,2,407,1,Random,1,2,2,BasicMCTS,Random,62.0,35.0,BasicMCTS,BasicMCTS,Random,1
-1436161366,SushiGo,3,GAME_OVER,60,0,2,408,1,Random,1,2,2,BasicMCTS,Random,55.0,44.0,BasicMCTS,BasicMCTS,Random,1
-1151041315,SushiGo,3,GAME_OVER,60,0,2,409,1,Random,1,2,2,BasicMCTS,Random,56.0,45.0,BasicMCTS,BasicMCTS,Random,1
697067980,SushiGo,3,GAME_OVER,61,0,2,410,1,Random,1,2,2,BasicMCTS,Random,44.0,42.0,BasicMCTS,BasicMCTS,Random,1
1168140970,SushiGo,3,GAME_OVER,61,0,2,411,1,Random,1,2,2,BasicMCTS,Random,59.0,43.0,BasicMCTS,BasicMCTS,Random,1
-1491060889,SushiGo,3,GAME_OVER,62,0,2,412,1,Random,1,2,2,BasicMCTS,Random,58.0,41.0,BasicMCTS,BasicMCTS,Random,1
-1819802610,SushiGo,3,GAME_OVER,61,0,2,413,1,Random,1,2,2,BasicMCTS,Random,52.0,32.0,BasicMCTS,BasicMCTS,Random,1
-2121274456,SushiGo,3,GAME_OVER,64,0,2,414,2,Random,2,1,1,BasicMCTS,Random,47.0,50.0,BasicMCTS,BasicMCTS,Random,0
259280696,SushiGo,3,GAME_OVER,60,0,2,415,1,Random,1,2,2,BasicMCTS,Random,58.0,36.0,BasicMCTS,BasicMCTS,Random,1
1706137030,SushiGo,3,GAME_OVER,62,0,2,416,1,Random,1,2,2,BasicMCTS,Random,62.0,39.0,BasicMCTS,BasicMCTS,Random,1
545138396,SushiGo,3,GAME_OVER,62,0,2,417,1,Random,1,2,2,BasicMCTS,Random,55.0,47.0,BasicMCTS,BasicMCTS,Random,1
1376458976,SushiGo,3,GAME_OVER,60,0,2,418,1,Random,1,2,2,BasicMCTS,Random,71.0,42.0,BasicMCTS,BasicMCTS,Random,1
1195311045,SushiGo,3,GAME_OVER,64,0,2,419,1,Random,1,2,2,BasicMCTS,Random,49.0,41.0,BasicMCTS,BasicMCTS,Random,1
813477029,SushiGo,3,GAME_OVER,62,0,2,420,2,Random,2,1,1,BasicMCTS,Random,47.0,55.0,BasicMCTS,BasicMCTS,Random,0
-1466178614,SushiGo,3,GAME_OVER,61,0,2,421,1,Random,1,2,2,BasicMCTS,Random,53.0,42.0,BasicMCTS,BasicMCTS,Random,1
-118322159,SushiGo,3,GAME_OVER,60,0,2,422,1,Random,1,2,2,BasicMCTS,Random,59.0,34.0,BasicMCTS,BasicMCTS,Random,1
-1428166355,SushiGo,3,GAME_OVER,61,0,2,423,1,Random,1,2,2,BasicMCTS,Random,74.0,29.0,BasicMCTS,BasicMCTS,Random,1
1144294523,SushiGo,3,GAME_OVER,60,0,2,424,1,Random,1,2,2,BasicMCTS,Random,67.0,39.0,BasicMCTS,BasicMCTS,Random,1
2100098225,SushiGo,3,GAME_OVER,62,0,2,425,1,Random,1,2,2,BasicMCTS,Random,79.0,47.0,BasicMCTS,BasicMCTS,Random,1
23994827,SushiGo,3,GAME_OVER,60,0,2,426,1,Random,1,2,2,BasicMCTS,Random,50.0,47.0,BasicMCTS,BasicMCTS,Random,1
1662792176,SushiGo,3,GAME_OVER,64,0,2,427,1,Random,1,2,2,BasicMCTS,Random,46.0,38.0,BasicMCTS,BasicMCTS,Random,1
2013120665,SushiGo,3,GAME_OVER,62,0,2,428,1,Random,1,2,2,BasicMCTS,Random,43.0,40.0,BasicMCTS,BasicMCTS,Random,1
-1880183632,SushiGo,3,GAME_OVER,60,0,2,429,1,Random,1,2,2,BasicMCTS,Random,56.0,53.0,BasicMCTS,BasicMCTS,Random,1
-1377239692,SushiGo,3,GAME_OVER,61,0,2,430,1,Random,1,2,2,BasicMCTS,Random,54.0,40.0,BasicMCTS,BasicMCTS,Random,1
1795532617,SushiGo,3,GAME_OVER,67,0,2,431,1,Random,1,2,2,BasicMCTS,Random,62.0,40.0,BasicMCTS,BasicMCTS,Random,1
-1548656463,SushiGo,3,GAME_OVER,61,0,2,432,2,Random,2,1,1,BasicMCTS,Random,49.0,54.0,BasicMCTS,BasicMCTS,Random,0
-653656736,SushiGo,3,GAME_OVER,60,0,2,433,1,Random,1,2,2,BasicMCTS,Random,65.0,37.0,BasicMCTS,BasicMCTS,Random,1
-400394132,SushiGo,3,GAME_OVER,62,0,2,434,2,Random,2,1,1,BasicMCTS,Random,51.0,55.0,BasicMCTS,BasicMCTS,Random,0
-1422203009,SushiGo,3,GAME_OVER,65,0,2,435,1,Random,1,2,2,BasicMCTS,Random,54.0,50.0,BasicMCTS,BasicMCTS,Random,1
-1113178468,SushiGo,3,GAME_OVER,62,0,2,436,1,Random,1,2,2,BasicMCTS,Random,51.0,42.0,BasicMCTS,BasicMCTS,Random,1
-175367348,SushiGo,3,GAME_OVER,61,0,2,437,1,Random,1,2,2,BasicMCTS,Random,61.0,29.0,BasicMCTS,BasicMCTS,Random,1
1362911089,SushiGo,3,GAME_OVER,61,0,2,438,1,Random,1,2,2,BasicMCTS,Random,49.0,43.0,BasicMCTS,BasicMCTS,Random,1
-347120262,SushiGo,3,GAME_OVER,62,0,2,439,1,Random,1,2,2,BasicMCTS,Random,68.0,32.0,BasicMCTS,BasicMCTS,Random,1
1416514647,SushiGo,3,GAME_OVER,63,0,2,440,1,Random,1,2,2,BasicMCTS,Random,51.0,42.0,BasicMCTS,BasicMCTS,Random,1
-1570736736,SushiGo,3,GAME_OVER,61,0,2,441,1,Random,1,2,2,BasicMCTS,Random,51.0,40.0,BasicMCTS,BasicMCTS,Random,1
-1532681659,SushiGo,3,GAME_OVER,61,0,2,442,1,Random,1,2,2,BasicMCTS,Random,59.0,31.0,BasicMCTS,BasicMCTS,Random,1
2038358424,SushiGo,3,GAME_OVER,60,0,2,443,1,Random,1,2,2,BasicMCTS,Random,58.0,48.0,BasicMCTS,BasicMCTS,Random,1
1950377550,SushiGo,3,GAME_OVER,60,0,2,444,1,Random,1,2,2,BasicMCTS,Random,56.0,48.0,BasicMCTS,BasicMCTS,Random,1
-389679841,SushiGo,3,GAME_OVER,62,0,2,445,1,Random,1,2,2,BasicMCTS,Random,51.0,42.0,BasicMCTS,BasicMCTS,Random,1
-1652369011,SushiGo,3,GAME_OVER,64,0,2,446,1,Random,1,2,2,BasicMCTS,Random,55.0,38.0,BasicMCTS,BasicMCTS,Random,1
649728961,SushiGo,3,GAME_OVER,61,0,2,447,1,Random,1,2,2,BasicMCTS,Random,66.0,46.0,BasicMCTS,BasicMCTS,Random,1
1939385821,SushiGo,3,GAME_OVER,62,0,2,448,1,Random,1,2,2,BasicMCTS,Random,56.0,39.0,BasicMCTS,BasicMCTS,Random,1
-765151654,SushiGo,3,GAME_OVER,62,0,2,449,1,Random,1,2,2,BasicMCTS,Random,56.0,36.0,BasicMCTS,BasicMCTS,Random,1
-382843140,SushiGo,3,GAME_OVER,61,0,2,450,1,Random,1,2,2,BasicMCTS,Random,63.0,42.0,BasicMCTS,BasicMCTS,Random,1
1616233144,SushiGo,3,GAME_OVER,63,0,2,451,1,Random,1,2,2,BasicMCTS,Random,52.0,44.0,BasicMCTS,BasicMCTS,Random,1
-1825767405,SushiGo,3,GAME_OVER,60,0,2,452,1,Random,1,2,2,BasicMCTS,Random,47.0,40.0,BasicMCTS,BasicMCTS,Random,1
-1681345762,SushiGo,3,GAME_OVER,61,0,2,453,1,Random,1,2,2,BasicMCTS,Random,59.0,43.0,BasicMCTS,BasicMCTS,Random,1
-1466223696,SushiGo,3,GAME_OVER,62,0,2,454,1,Random,1,2,2,BasicMCTS,Random,49.0,37.0,BasicMCTS,BasicMCTS,Random,1
-898042700,SushiGo,3,GAME_OVER,62,0,2,455,1,Random,1,2,2,BasicMCTS,Random,75.0,41.0,BasicMCTS,BasicMCTS,Random,1
-622095176,SushiGo,3,GAME_OVER,64,0,2,456,1,Random,1,2,2,BasicMCTS,Random,55.0,53.0,BasicMCTS,BasicMCTS,Random,1
-1621553363,SushiGo,3,GAME_OVER,60,0,2,457,1,Random,1,2,2,BasicMCTS,Random,56.0,35.0,BasicMCTS,BasicMCTS,Random,1
2021511387,SushiGo,3,GAME_OVER,61,0,2,458,1,Random,1,2,2,BasicMCTS,Random,64.0,45.0,BasicMCTS,BasicMCTS,Random,1
-1677040338,SushiGo,3,GAME_OVER,60,0,2,459,1,Random,1,2,2,BasicMCTS,Random,49.0,38.0,BasicMCTS,BasicMCTS,Random,1
1955989905,SushiGo,3,GAME_OVER,62,0,2,460,1,Random,1,2,2,BasicMCTS,Random,76.0,38.0,BasicMCTS,BasicMCTS,Random,1
-1876231119,SushiGo,3,GAME_OVER,61,0,2,461,2,Random,2,1,1,BasicMCTS,Random,46.0,50.0,BasicMCTS,BasicMCTS,Random,0
-1294795098,SushiGo,3,GAME_OVER,62,0,2,462,1,Random,1,2,2,BasicMCTS,Random,61.0,38.0,BasicMCTS,BasicMCTS,Random,1
127372284,SushiGo,3,GAME_OVER,63,0,2,463,1,Random,1,2,2,BasicMCTS,Random,56.0,51.0,BasicMCTS,BasicMCTS,Random,1
-991207967,SushiGo,3,GAME_OVER,63,0,2,464,1,Random,1,2,2,BasicMCTS,Random,62.0,29.0,BasicMCTS,BasicMCTS,Random,1
1049258221,SushiGo,3,GAME_OVER,64,0,2,465,2,Random,2,1,1,BasicMCTS,Random,51.0,52.0,BasicMCTS,BasicMCTS,Random,0
-2039767727,SushiGo,3,GAME_OVER,61,0,2,466,1,Random,1,2,2,BasicMCTS,Random,69.0,49.0,BasicMCTS,BasicMCTS,Random,1
1908179359,SushiGo,3,GAME_OVER,62,0,2,467,1,Random,1,2,2,BasicMCTS,Random,61.0,36.0,BasicMCTS,BasicMCTS,Random,1
1115136563,SushiGo,3,GAME_OVER,63,0,2,468,1,Random,1,2,2,BasicMCTS,Random,57.0,34.0,BasicMCTS,BasicMCTS,Random,1
-1493045323,SushiGo,3,GAME_OVER,61,0,2,469,1,Random,1,2,2,BasicMCTS,Random,72.0,40.0,BasicMCTS,BasicMCTS,Random,1
-394703714,SushiGo,3,GAME_OVER,62,0,2,470,1,Random,1,2,2,BasicMCTS,Random,52.0,40.0,BasicMCTS,BasicMCTS,Random,1
-432712488,SushiGo,3,GAME_OVER,61,0,2,471,1,Random,1,2,2,BasicMCTS,Random,59.0,27.0,BasicMCTS,BasicMCTS,Random,1
491282519,SushiGo,3,GAME_OVER,61,0,2,472,1,Random,1,2,2,BasicMCTS,Random,62.0,37.0,BasicMCTS,BasicMCTS,Random,1
-884033504,SushiGo,3,GAME_OVER,60,0,2,473,1,Random,1,2,2,BasicMCTS,Random,69.0,36.0,BasicMCTS,BasicMCTS,Random,1
991772015,SushiGo,3,GAME_OVER,62,0,2,474,1,Random,1,2,2,BasicMCTS,Random,65.0,29.0,BasicMCTS,BasicMCTS,Random,1
-835279488,SushiGo,3,GAME_OVER,62,0,2,475,1,Random,1,2,2,BasicMCTS,Random,89.0,41.0,BasicMCTS,BasicMCTS,Random,1
288423849,SushiGo,3,GAME_OVER,60,0,2,476,1,Random,1,2,2,BasicMCTS,Random,51.0,43.0,BasicMCTS,BasicMCTS,Random,1
306462715,SushiGo,3,GAME_OVER,60,0,2,477,1,Random,1,2,2,BasicMCTS,Random,60.0,37.0,BasicMCTS,BasicMCTS,Random,1
-1595934290,SushiGo,3,GAME_OVER,60,0,2,478,1,Random,1,2,2,BasicMCTS,Random,64.0,44.0,BasicMCTS,BasicMCTS,Random,1
372545689,SushiGo,3,GAME_OVER,62,0,2,479,1,Random,1,2,2,BasicMCTS,Random,72.0,34.0,BasicMCTS,BasicMCTS,Random,1
-1791317608,SushiGo,3,GAME_OVER,61,0,2,480,1,Random,1,2,2,BasicMCTS,Random,60.0,32.0,BasicMCTS,BasicMCTS,Random,1
594493312,SushiGo,3,GAME_OVER,62,0,2,481,1,Random,1,2,2,BasicMCTS,Random,60.0,42.0,BasicMCTS,BasicMCTS,Random,1
1375946348,SushiGo,3,GAME_OVER,62,0,2,482,1,Random,1,2,2,BasicMCTS,Random,53.0,45.0,BasicMCTS,BasicMCTS,Random,1
-1004766817,SushiGo,3,GAME_OVER,61,0,2,483,1,Random,1,2,2,BasicMCTS,Random,48.0,31.0,BasicMCTS,BasicMCTS,Random,1
714044006,SushiGo,3,GAME_OVER,60,0,2,484,1,Random,1,2,2,BasicMCTS,Random,73.0,47.0,BasicMCTS,BasicMCTS,Random,1
1418075335,SushiGo,3,GAME_OVER,60,0,2,485,1,Random,1,2,2,BasicMCTS,Random,47.0,42.0,BasicMCTS,BasicMCTS,Random,1
1141736524,SushiGo,3,GAME_OVER,62,0,2,486,1,Random,1,2,2,BasicMCTS,Random,61.0,34.0,BasicMCTS,BasicMCTS,Random,1
443981092,SushiGo,3,GAME_OVER,62,0,2,487,1,Random,1,2,2,BasicMCTS,Random,55.0,40.0,BasicMCTS,BasicMCTS,Random,1
-68629972,SushiGo,3,GAME_OVER,60,0,2,488,1,Random,1,2,2,BasicMCTS,Random,48.0,35.0,BasicMCTS,BasicMCTS,Random,1
1822990971,SushiGo,3,GAME_OVER,62,0,2,489,1,Random,1,2,2,BasicMCTS,Random,83.0,34.0,BasicMCTS,BasicMCTS,Random,1
268448290,SushiGo,3,GAME_OVER,60,0,2,490,2,Random,2,1,1,BasicMCTS,Random,52.0,53.0,BasicMCTS,BasicMCTS,Random,0
1043028123,SushiGo,3,GAME_OVER,61,0,2,491,1,Random,1,2,2,BasicMCTS,Random,68.0,47.0,BasicMCTS,BasicMCTS,Random,1
-1199211999,SushiGo,3,GAME_OVER,61,0,2,492,1,Random,1,2,2,BasicMCTS,Random,61.0,42.0,BasicMCTS,BasicMCTS,Random,1
1398271441,SushiGo,3,GAME_OVER,61,0,2,493,1,Random,1,2,2,BasicMCTS,Random,51.0,35.0,BasicMCTS,BasicMCTS,Random,1
648115670,SushiGo,3,GAME_OVER,61,0,2,494,1,Random,1,2,2,BasicMCTS,Random,71.0,33.0,BasicMCTS,BasicMCTS,Random,1
1962877811,SushiGo,3,GAME_OVER,61,0,2,495,1,Random,1,2,2,BasicMCTS,Random,66.0,41.0,BasicMCTS,BasicMCTS,Random,1
-1960070630,SushiGo,3,GAME_OVER,61,0,2,496,1,Random,1,2,2,BasicMCTS,Random,88.0,35.0,BasicMCTS,BasicMCTS,Random,1
36358070,SushiGo,3,GAME_OVER,64,0,2,497,1,Random,1,2,2,BasicMCTS,Random,63.0,35.0,BasicMCTS,BasicMCTS,Random,1
375050126,SushiGo,3,GAME_OVER,63,0,2,498,1,Random,1,2,2,BasicMCTS,Random,54.0,40.0,BasicMCTS,BasicMCTS,Random,1
1468478823,SushiGo,3,GAME_OVER,60,0,2,499,1,Random,1,2,2,BasicMCTS,Random,71.0,48.0,BasicMCTS,BasicMCTS,Random,1
-218109356,SushiGo,3,GAME_OVER,60,0,2,500,1,Random,1,2,2,BasicMCTS,Random,61.0,47.0,BasicMCTS,BasicMCTS,Random,1
-3023545,SushiGo,3,GAME_OVER,62,0,2,501,1,Random,1,2,2,BasicMCTS,Random,58.0,43.0,BasicMCTS,BasicMCTS,Random,1
346665430,SushiGo,3,GAME_OVER,63,0,2,502,2,Random,2,1,1,FirstAction,Random,46.0,49.0,FirstAction,FirstAction,Random,0
879079583,SushiGo,3,GAME_OVER,60,0,2,503,1,Random,1,2,2,FirstAction,Random,65.0,48.0,FirstAction,FirstAction,Random,1
-619666105,SushiGo,3,GAME_OVER,60,0,2,504,2,Random,2,1,1,FirstAction,Random,55.0,59.0,FirstAction,FirstAction,Random,0
503938916,SushiGo,3,GAME_OVER,63,0,2,505,2,Random,2,1,1,FirstAction,Random,38.0,53.0,FirstAction,FirstAction,Random,0
-428737539,SushiGo,3,GAME_OVER,61,0,2,506,1,Random,1,2,2,FirstAction,Random,58.0,49.0,FirstAction,FirstAction,Random,1
-1745970416,SushiGo,3,GAME_OVER,61,0,2,507,1,Random,1,2,2,FirstAction,Random,53.0,48.0,FirstAction,FirstAction,Random,1
-1436161366,SushiGo,3,GAME_OVER,60,0,2,508,2,Random,2,1,1,FirstAction,Random,53.0,56.0,FirstAction,FirstAction,Random,0
-1151041315,SushiGo,3,GAME_OVER,61,0,2,509,2,Random,2,1,1,FirstAction,Random,41.0,43.0,FirstAction,FirstAction,Random,0
697067980,SushiGo,3,GAME_OVER,60,0,2,510,2,Random,2,1,1,FirstAction,Random,37.0,57.0,FirstAction,FirstAction,Random,0
1168140970,SushiGo,3,GAME_OVER,61,0,2,511,1,Random,1,2,2,FirstAction,Random,53.0,40.0,FirstAction,FirstAction,Random,1
-1491060889,SushiGo,3,GAME_OVER,61,0,2,512,1,Random,1,2,2,FirstAction,Random,45.0,45.0,FirstAction,FirstAction,Random,1
-1819802610,SushiGo,3,GAME_OVER,63,0,2,513,2,Random,2,1,1,FirstAction,Random,41.0,58.0,FirstAction,FirstAction,Random,0
-2121274456,SushiGo,3,GAME_OVER,62,0,2,514,2,Random,2,1,1,FirstAction,Random,46.0,48.0,FirstAction,FirstAction,Random,0
259280696,SushiGo,3,GAME_OVER,61,0,2,515,1,Random,1,2,2,FirstAction,Random,51.0,46.0,FirstAction,FirstAction,Random,1
1706137030,SushiGo,3,GAME_OVER,60,0,2,516,1,Random,1,2,2,FirstAction,Random,52.0,46.0,FirstAction,FirstAction,Random,1
545138396,SushiGo,3,GAME_OVER,63,0,2,517,2,Random,2,1,1,FirstAction,Random,35.0,62.0,FirstAction,FirstAction,Random,0
1376458976,SushiGo,3,GAME_OVER,61,0,2,518,1,Random,1,2,2,FirstAction,Random,65.0,38.0,FirstAction,FirstAction,Random,1
1195311045,SushiGo,3,GAME_OVER,61,0,2,519,2,Random,2,1,1,FirstAction,Random,44.0,49.0,FirstAction,FirstAction,Random,0
813477029,SushiGo,3,GAME_OVER,61,0,2,520,1,Random,1,2,2,FirstAction,Random,59.0,53.0,FirstAction,FirstAction,Random,1
-1466178614,SushiGo,3,GAME_OVER,60,0,2,521,2,Random,2,1,1,FirstAction,Random,48.0,54.0,FirstAction,FirstAction,Random,0
-118322159,SushiGo,3,GAME_OVER,61,0,2,522,2,Random,2,1,1,FirstAction,Random,40.0,48.0,FirstAction,FirstAction,Random,0
-1428166355,SushiGo,3,GAME_OVER,60,0,2,523,1,Random,1,2,2,FirstAction,Random,61.0,57.0,FirstAction,FirstAction,Random,1
1144294523,SushiGo,3,GAME_OVER,60,0,2,524,2,Random,2,1,1,FirstAction,Random,40.0,42.0,FirstAction,FirstAction,Random,0
2100098225,SushiGo,3,GAME_OVER,60,0,2,525,2,Random,2,1,1,FirstAction,Random,44.0,56.0,FirstAction,FirstAction,Random,0
23994827,SushiGo,3,GAME_OVER,60,0,2,526,2,Random,2,1,1,FirstAction,Random,39.0,44.0,FirstAction,FirstAction,Random,0
1662792176,SushiGo,3,GAME_OVER,60,0,2,527,1,Random,1,2,2,FirstAction,Random,54.0,48.0,FirstAction,FirstAction,Random,1
2013120665,SushiGo,3,GAME_OVER,60,0,2,528,2,Random,2,1,1,FirstAction,Random,49.0,53.0,FirstAction,FirstAction,Random,0
-1880183632,SushiGo,3,GAME_OVER,60,0,2,529,2,Random,2,1,1,FirstAction,Random,39.0,43.0,FirstAction,FirstAction,Random,0
-1377239692,SushiGo,3,GAME_OVER,60,0,2,530,2,Random,2,1,1,FirstAction,Random,44.0,68.0,FirstAction,FirstAction,Random,0
1795532617,SushiGo,3,GAME_OVER,60,0,2,531,2,Random,2,1,1,FirstAction,Random,43.0,54.0,FirstAction,FirstAction,Random,0
-1548656463,SushiGo,3,GAME_OVER,60,0,2,532,2,Random,2,1,1,FirstAction,Random,51.0,54.0,FirstAction,FirstAction,Random,0
-653656736,SushiGo,3,GAME_OVER,61,0,2,533,1,Random,1,2,2,FirstAction,Random,56.0,52.0,FirstAction,FirstAction,Random,1
-400394132,SushiGo,3,GAME_OVER,63,0,2,534,2,Random,2,1,1,FirstAction,Random,34.0,65.0,FirstAction,FirstAction,Random,0
-1422203009,SushiGo,3,GAME_OVER,62,0,2,535,2,Random,2,1,1,FirstAction,Random,51.0,57.0,FirstAction,FirstAction,Random,0
-1113178468,SushiGo,3,GAME_OVER,60,0,2,536,1,Random,1,2,2,FirstAction,Random,50.0,47.0,FirstAction,FirstAction,Random,1
-175367348,SushiGo,3,GAME_OVER,61,0,2,537,2,Random,2,1,1,FirstAction,Random,40.0,49.0,FirstAction,FirstAction,Random,0
1362911089,SushiGo,3,GAME_OVER,61,0,2,538,2,Random,2,1,1,FirstAction,Random,39.0,50.0,FirstAction,FirstAction,Random,0
-347120262,SushiGo,3,GAME_OVER,60,0,2,539,1,Random,1,1,1,FirstAction,Random,44.0,44.0,FirstAction,FirstAction,Random,-1
1416514647,SushiGo,3,GAME_OVER,62,0,2,540,1,Random,1,2,2,FirstAction,Random,51.0,48.0,FirstAction,FirstAction,Random,1
-1570736736,SushiGo,3,GAME_OVER,61,0,2,541,1,Random,1,2,2,FirstAction,Random,46.0,44.0,FirstAction,FirstAction,Random,1
-1532681659,SushiGo,3,GAME_OVER,61,0,2,542,2,Random,2,1,1,FirstAction,Random,40.0,55.0,FirstAction,FirstAction,Random,0
2038358424,SushiGo,3,GAME_OVER,61,0,2,543,1,Random,1,2,2,FirstAction,Random,60.0,50.0,FirstAction,FirstAction,Random,1
1950377550,SushiGo,3,GAME_OVER,60,0,2,544,2,Random,2,1,1,FirstAction,Random,44.0,46.0,FirstAction,FirstAction,Random,0
-389679841,SushiGo,3,GAME_OVER,61,0,2,545,2,Random,2,1,1,FirstAction,Random,47.0,50.0,FirstAction,FirstAction,Random,0
-1652369011,SushiGo,3,GAME_OVER,60,0,2,546,2,Random,2,1,1,FirstAction,Random,40.0,56.0,FirstAction,FirstAction,Random,0
649728961,SushiGo,3,GAME_OVER,61,0,2,547,2,Random,2,1,1,FirstAction,Random,48.0,60.0,FirstAction,FirstAction,Random,0
1939385821,SushiGo,3,GAME_OVER,61,0,2,548,2,Random,2,1,1,FirstAction,Random,41.0,48.0,FirstAction,FirstAction,Random,0
-765151654,SushiGo,3,GAME_OVER,62,0,2,549,2,Random,2,1,1,FirstAction,Random,37.0,49.0,FirstAction,FirstAction,Random,0
-382843140,SushiGo,3,GAME_OVER,60,0,2,550,1,Random,1,2,2,FirstAction,Random,49.0,43.0,FirstAction,FirstAction,Random,1
1616233144,SushiGo,3,GAME_OVER,61,0,2,551,1,Random,1,2,2,FirstAction,Random,54.0,33.0,FirstAction,FirstAction,Random,1
-1825767405,SushiGo,3,GAME_OVER,60,0,2,552,1,Random,1,2,2,FirstAction,Random,47.0,40.0,FirstAction,FirstAction,Random,1
-1681345762,SushiGo,3,GAME_OVER,62,0,2,553,2,Random,2,1,1,FirstAction,Random,42.0,57.0,FirstAction,FirstAction,Random,0
-1466223696,SushiGo,3,GAME_OVER,60,0,2,554,1,Random,1,2,2,FirstAction,Random,50.0,47.0,FirstAction,FirstAction,Random,1
-898042700,SushiGo,3,GAME_OVER,61,0,2,555,2,Random,2,1,1,FirstAction,Random,49.0,50.0,FirstAction,FirstAction,Random,0
-622095176,SushiGo,3,GAME_OVER,62,0,2,556,2,Random,2,1,1,FirstAction,Random,45.0,47.0,FirstAction,FirstAction,Random,0
-1621553363,SushiGo,3,GAME_OVER,60,0,2,557,2,Random,2,1,1,FirstAction,Random,46.0,54.0,FirstAction,FirstAction,Random,0
2021511387,SushiGo,3,GAME_OVER,61,0,2,558,2,Random,2,1,1,FirstAction,Random,39.0,47.0,FirstAction,FirstAction,Random,0
-1677040338,SushiGo,3,GAME_OVER,61,0,2,559,2,Random,2,1,1,FirstAction,Random,30.0,52.0,FirstAction,FirstAction,Random,0
1955989905,SushiGo,3,GAME_OVER,63,0,2,560,2,Random,2,1,1,FirstAction,Random,50.0,54.0,FirstAction,FirstAction,Random,0
-1876231119,SushiGo,3,GAME_OVER,60,0,2,561,2,Random,2,1,1,FirstAction,Random,45.0,52.0,FirstAction,FirstAction,Random,0
-1294795098,SushiGo,3,GAME_OVER,62,0,2,562,1,Random,1,2,2,FirstAction,Random,50.0,48.0,FirstAction,FirstAction,Random,1
127372284,SushiGo,3,GAME_OVER,63,0,2,563,1,Random,1,2,2,FirstAction,Random,61.0,53.0,FirstAction,FirstAction,Random,1
-991207967,SushiGo,3,GAME_OVER,60,0,2,564,2,Random,2,1,1,FirstAction,Random,40.0,48.0,FirstAction,FirstAction,Random,0
1049258221,SushiGo,3,GAME_OVER,61,0,2,565,2,Random,2,1,1,FirstAction,Random,49.0,60.0,FirstAction,FirstAction,Random,0
-2039767727,SushiGo,3,GAME_OVER,60,0,2,566,1,Random,1,2,2,FirstAction,Random,57.0,49.0,FirstAction,FirstAction,Random,1
1908179359,SushiGo,3,GAME_OVER,63,0,2,567,2,Random,2,1,1,FirstAction,Random,41.0,49.0,FirstAction,FirstAction,Random,0
1115136563,SushiGo,3,GAME_OVER,61,0,2,568,1,Random,1,2,2,FirstAction,Random,52.0,50.0,FirstAction,FirstAction,Random,1
-1493045323,SushiGo,3,GAME_OVER,60,0,2,569,2,Random,2,1,1,FirstAction,Random,50.0,59.0,FirstAction,FirstAction,Random,0
-394703714,SushiGo,3,GAME_OVER,60,0,2,570,2,Random,2,1,1,FirstAction,Random,50.0,56.0,FirstAction,FirstAction,Random,0
-432712488,SushiGo,3,GAME_OVER,60,0,2,571,1,Random,1,2,2,FirstAction,Random,46.0,40.0,FirstAction,FirstAction,Random,1
491282519,SushiGo,3,GAME_OVER,60,0,2,572,1,Random,1,2,2,FirstAction,Random,48.0,44.0,FirstAction,FirstAction,Random,1
-884033504,SushiGo,3,GAME_OVER,62,0,2,573,1,Random,1,2,2,FirstAction,Random,63.0,48.0,FirstAction,FirstAction,Random,1
991772015,SushiGo,3,GAME_OVER,60,0,2,574,2,Random,2,1,1,FirstAction,Random,53.0,53.0,FirstAction,FirstAction,Random,0
-835279488,SushiGo,3,GAME_OVER,60,0,2,575,1,Random,1,2,2,FirstAction,Random,58.0,49.0,FirstAction,FirstAction,Random,1
288423849,SushiGo,3,GAME_OVER,61,0,2,576,2,Random,2,1,1,FirstAction,Random,47.0,49.0,FirstAction,FirstAction,Random,0
306462715,SushiGo,3,GAME_OVER,62,0,2,577,2,Random,2,1,1,FirstAction,Random,39.0,51.0,FirstAction,FirstAction,Random,0
-1595934290,SushiGo,3,GAME_OVER,60,0,2,578,1,Random,1,2,2,FirstAction,Random,51.0,49.0,FirstAction,FirstAction,Random,1
372545689,SushiGo,3,GAME_OVER,60,0,2,579,1,Random,1,2,2,FirstAction,Random,59.0,54.0,FirstAction,FirstAction,Random,1
-1791317608,SushiGo,3,GAME_OVER,61,0,2,580,1,Random,1,2,2,FirstAction,Random,53.0,44.0,FirstAction,FirstAction,Random,1
594493312,SushiGo,3,GAME_OVER,61,0,2,581,1,Random,1,2,2,FirstAction,Random,58.0,47.0,FirstAction,FirstAction,Random,1
1375946348,SushiGo,3,GAME_OVER,60,0,2,582,2,Random,2,1,1,FirstAction,Random,39.0,41.0,FirstAction,FirstAction,Random,0
-1004766817,SushiGo,3,GAME_OVER,61,0,2,583,2,Random,2,1,1,FirstAction,Random,32.0,49.0,FirstAction,FirstAction,Random,0
714044006,SushiGo,3,GAME_OVER,61,0,2,584,1,Random,1,2,2,FirstAction,Random,47.0,45.0,FirstAction,FirstAction,Random,1
1418075335,SushiGo,3,GAME_OVER,60,0,2,585,1,Random,1,2,2,FirstAction,Random,60.0,40.0,FirstAction,FirstAction,Random,1
1141736524,SushiGo,3,GAME_OVER,61,0,2,586,1,Random,1,2,2,FirstAction,Random,44.0,37.0,FirstAction,FirstAction,Random,1
443981092,SushiGo,3,GAME_OVER,60,0,2,587,2,Random,2,1,1,FirstAction,Random,35.0,67.0,FirstAction,FirstAction,Random,0
-68629972,SushiGo,3,GAME_OVER,61,0,2,588,1,Random,1,2,2,FirstAction,Random,49.0,47.0,FirstAction,FirstAction,Random,1
1822990971,SushiGo,3,GAME_OVER,61,0,2,589,1,Random,1,2,2,FirstAction,Random,73.0,46.0,FirstAction,FirstAction,Random,1
268448290,SushiGo,3,GAME_OVER,60,0,2,590,1,Random,1,2,2,FirstAction,Random,40.0,38.0,FirstAction,FirstAction,Random,1
1043028123,SushiGo,3,GAME_OVER,62,0,2,591,1,Random,1,2,2,FirstAction,Random,51.0,30.0,FirstAction,FirstAction,Random,1
-1199211999,SushiGo,3,GAME_OVER,60,0,2,592,1,Random,1,2,2,FirstAction,Random,52.0,42.0,FirstAction,FirstAction,Random,1
1398271441,SushiGo,3,GAME_OVER,60,0,2,593,2,Random,2,1,1,FirstAction,Random,45.0,46.0,FirstAction,FirstAction,Random,0
648115670,SushiGo,3,GAME_OVER,61,0,2,594,2,Random,2,1,1,FirstAction,Random,41.0,56.0,FirstAction,FirstAction,Random,0
1962877811,SushiGo,3,GAME_OVER,60,0,2,595,1,Random,1,2,2,FirstAction,Random,54.0,50.0,FirstAction,FirstAction,Random,1
-1960070630,SushiGo,3,GAME_OVER,61,0,2,596,2,Random,2,1,1,FirstAction,Random,43.0,55.0,FirstAction,FirstAction,Random,0
36358070,SushiGo,3,GAME_OVER,61,0,2,597,2,Random,2,1,1,FirstAction,Random,41.0,44.0,FirstAction,FirstAction,Random,0
375050126,SushiGo,3,GAME_OVER,63,0,2,598,1,Random,1,2,2,FirstAction,Random,43.0,43.0,FirstAction,FirstAction,Random,1
1468478823,SushiGo,3,GAME_OVER,61,0,2,599,2,Random,2,1,1,FirstAction,Random,44.0,59.0,FirstAction,FirstAction,Random,0
-218109356,SushiGo,3,GAME_OVER,62,0,2,600,1,Random,1,2,2,FirstAction,Random,46.0,45.0,FirstAction,FirstAction,Random,1
-3023545,SushiGo,3,GAME_OVER,62,0,2,601,1,Random,1,2,2,FirstAction,Random,57.0,47.0,FirstAction,FirstAction,Random,1
